0,https://www.bbc.com/tajik/news/2015/03/150331_l16_bbc-tajik_closure
1,https://www.bbc.com/tajik/news/2015/03/150331_ea_iran_nuclear_talks_31_march
2,https://www.bbc.com/tajik/news/2015/03/150330_ea_iran_nuclear_talks_30_march
3,https://www.bbc.com/tajik/news/2015/03/150329_l16_singapore_founder_death_funeral
4,https://www.bbc.com/tajik/news/2015/03/150329_l16_france_local_elections_second_round
5,https://www.bbc.com/tajik/news/2015/03/150326_sq_tajpress
6,https://www.bbc.com/tajik/news/2015/03/150326_rm_iran_nuc_lausanne_talks_resumed
7,https://www.bbc.com/tajik/news/2015/03/150326_rm_yemen_saudiaction
8,https://www.bbc.com/tajik/news/2015/03/150325_sq_k05_farkhunda_afghan_ulama
9,https://www.bbc.com/tajik/news/2015/03/150325_rm_jordan_russia_nuclear
10,https://www.bbc.com/tajik/news/2015/03/150325_rm_central_asia_politics
11,https://www.bbc.com/tajik/news/2015/03/150325_sq_an_france_airbus_crash
12,https://www.bbc.com/tajik/news/2015/03/150324_ea_sayhun_rahman_town
13,https://www.bbc.com/tajik/news/2015/03/150324_rm_israel_spying_iran_nuclear_talks
14,https://www.bbc.com/tajik/news/2015/03/150324_rm_rln_gunmen_killing_passengers
15,https://www.bbc.com/tajik/news/2015/03/150324_sq_kremlin_internet_trolls
16,https://www.bbc.com/tajik/news/2015/03/150324_rm_yemen_arabs
17,https://www.bbc.com/tajik/news/2015/03/150324_zkh_accident_chidren_death
18,https://www.bbc.com/tajik/news/2015/03/150323_ea_nowrooz_in_tajikistan
19,https://www.bbc.com/tajik/news/2015/03/150323_rm_singapore_founder
20,https://www.bbc.com/tajik/news/2015/03/150322_ea_janibek_moradov_london
21,https://www.bbc.com/tajik/news/2015/03/150322_ea_farkhunda_ceremony_mourning
22,https://www.bbc.com/tajik/news/2015/03/150320_rm_solar_eclipse
23,https://www.bbc.com/tajik/news/2015/03/150320_rm_kabul_woman_burnt
24,https://www.bbc.com/tajik/news/2015/03/150320_rm_obama_iran_nowruz_message
25,https://www.bbc.com/tajik/news/2015/03/150319_l16_l03_is_un_crimes
26,https://www.bbc.com/tajik/news/2015/03/150319_l16_yemen_aden
27,https://www.bbc.com/tajik/news/2015/03/150319_zkh_press_review
28,https://www.bbc.com/tajik/news/2015/03/150319_sq_rahman_inteligencia
29,https://www.bbc.com/tajik/news/2015/03/150319_rm_tunisia_terrorattack
30,https://www.bbc.com/tajik/news/2015/03/150318_l16_k03_helmand_blast
31,https://www.bbc.com/tajik/news/2015/03/150318_sq_rln_ombudsman_report
32,https://www.bbc.com/tajik/news/2015/03/150318_ea_israel_election_final_result
33,https://www.bbc.com/tajik/news/2015/03/150318_ea_netanyhu_elections
34,https://www.bbc.com/tajik/news/2015/03/150317_l16_me_snake_poison
35,https://www.bbc.com/tajik/news/2015/03/150317_ea_rahman_parliament
36,https://www.bbc.com/tajik/news/2015/03/150317_zkh_trade_dollar_crime_police
37,https://www.bbc.com/tajik/news/2015/03/150317_rm_afghan_is_govt_confirmed_is_presence
38,https://www.bbc.com/tajik/news/2015/03/150317_zkh_rln_malaysia_islamic_party
39,https://www.bbc.com/tajik/news/2015/03/150317_rm_israel_election
40,https://www.bbc.com/tajik/news/2015/03/150316_sq_reshuffle
41,https://www.bbc.com/tajik/news/2015/03/150316_zkh_afghan_drug_un
42,https://www.bbc.com/tajik/news/2015/03/150316_sq_putin_speculations
43,https://www.bbc.com/tajik/news/2015/03/150316_rm_tikrit_sddam
44,https://www.bbc.com/tajik/news/2015/03/150316_rm_putin_nuclearalert
45,https://www.bbc.com/tajik/news/2015/03/150315_l16_l57_kerry_assad_negotiate
46,https://www.bbc.com/tajik/news/2015/03/150315_l16_l10_white_house_letter_senate
47,https://www.bbc.com/tajik/news/2015/03/150315_l16_l30_vatican_isis_military
48,https://www.bbc.com/tajik/news/2015/03/150315_l16_mar_us_likely_to_delay_withdrawal_of_troops
49,https://www.bbc.com/tajik/news/2015/03/150315_l30_pakistan_lahore_church_blasts
50,https://www.bbc.com/tajik/news/2015/03/150314_ea_amirshayeva_language
51,https://www.bbc.com/tajik/news/2015/03/150314_ea_iraqi_forces_hope_retake_tikrit_week
52,https://www.bbc.com/tajik/news/2015/03/150314_ea_pdpt_tree_planting
53,https://www.bbc.com/tajik/news/2015/03/150313_sq_bordujha_taj
54,https://www.bbc.com/tajik/news/2015/03/150313_rm_commerzbank_paying_billions_settle_cases_us_sanctions
55,https://www.bbc.com/tajik/news/2015/03/150312_sq_tajpress
56,https://www.bbc.com/tajik/news/2015/03/150312_rm_syria_un_relief
57,https://www.bbc.com/tajik/news/2015/03/150312_ea_rahman_army_recruitment
58,https://www.bbc.com/tajik/news/2015/03/150312_rm_isis_iraq_chlorine_gas
59,https://www.bbc.com/tajik/news/2015/03/150312_rm_nemtsov_putin
60,https://www.bbc.com/tajik/news/2015/03/150311_l16_an_russia_nemtsov
61,https://www.bbc.com/tajik/news/2015/03/150311_l16_an_china_xinjiang_mulims_isis
62,https://www.bbc.com/tajik/news/2015/03/150311_l16_an_nato_black_sea_excercise_russia
63,https://www.bbc.com/tajik/news/2015/03/150311_l16_l30_pakistan_attack_mqm
64,https://www.bbc.com/tajik/news/2015/03/150311_zkh_massmedia_press_day
65,https://www.bbc.com/tajik/news/2015/03/150311_sq_rln_rahman_eu
66,https://www.bbc.com/tajik/news/2015/03/150311_rm_jeremy_clarkson_suspended_bbc
67,https://www.bbc.com/tajik/news/2015/03/150311_rm_takrit_fighting
68,https://www.bbc.com/tajik/news/2015/03/150310_zkh_rln_new_appointments_rahman
69,https://www.bbc.com/tajik/news/2015/03/150310_sq_zairov_elex_reaction
70,https://www.bbc.com/tajik/news/2015/03/150310_rm_iran_assembly_of_experts_khobregan_17
71,https://www.bbc.com/tajik/news/2015/03/150310_rm_french_argentina
72,https://www.bbc.com/tajik/news/2015/03/150310_rm_ukraine_ceasefire-banner
73,https://www.bbc.com/tajik/news/2015/03/150309_l16_l31_crimea_russia_putin
74,https://www.bbc.com/tajik/news/2015/03/150309_l16_l31_syria_refinery_isis
75,https://www.bbc.com/tajik/news/2015/03/150309_l16_l26_iraq_kirkuk_kurds_offensive_islamic_state
76,https://www.bbc.com/tajik/news/2015/03/150309_l16_l31_gcc_yemen_saudiarabia
77,https://www.bbc.com/tajik/news/2015/03/150309_sq_rln_quvvatov_reath_reaction
78,https://www.bbc.com/tajik/news/2015/03/150309_ea_iran_iaea_nuclear
79,https://www.bbc.com/tajik/news/2015/03/150308_l16_l31_russia_nemtsov_murder
80,https://www.bbc.com/tajik/news/2015/03/150308_l16_k04_javzjan_prison
81,https://www.bbc.com/tajik/news/2015/03/150308_l16_l31_arms_saudiarabia_defence_spending
82,https://www.bbc.com/tajik/news/2015/03/150308_l16_k04_ozbik_people_in_north_with_taleban
83,https://www.bbc.com/tajik/news/2015/03/150307_ea_quvvatov_amnesty_freedom_house
84,https://www.bbc.com/tajik/news/2015/03/150307_ea_nemtsov_killing_suspect_russia
85,https://www.bbc.com/tajik/news/2015/03/150307_ea_iraqi_army_recaptured_albaghdadi_isis
86,https://www.bbc.com/tajik/news/2015/03/150306_zkh_quvvatov_murder_sisi_reaction
87,https://www.bbc.com/tajik/news/2015/03/150306_rm_nuc_montreaux_comments
88,https://www.bbc.com/tajik/news/2015/03/150306_zkh_murder_crime_saghd
89,https://www.bbc.com/tajik/news/2015/03/150306_zkh_murder_quvvatov_24grup
90,https://www.bbc.com/tajik/news/2015/03/150306_rm_iraq_isis_bulldozed_ancient_assyrian_nimrud
91,https://www.bbc.com/tajik/news/2015/03/150305_l16_me_blast_hits_aleppo_intelligence_hq
92,https://www.bbc.com/tajik/news/2015/03/150305_l16_me_china_hopes_iran_nuclear_deal_done
93,https://www.bbc.com/tajik/news/2015/03/150305_rm_ghani_vows_for_women_paritcipation_promotion
94,https://www.bbc.com/tajik/news/2015/03/150305_zkh_press_review
95,https://www.bbc.com/tajik/news/2015/03/150305_mm_election
96,https://www.bbc.com/tajik/news/2015/03/150305_mm_rln_tajikistan_adb
97,https://www.bbc.com/tajik/news/2015/03/150304_l16_l30_india_raipist_iv
98,https://www.bbc.com/tajik/news/2015/03/150304_l16_an_china_military
99,https://www.bbc.com/tajik/news/2015/03/150304_l16_ukraine_mine_blast
100,https://www.bbc.com/tajik/news/2015/03/150304_zkh_court_group24_quvvatov
101,https://www.bbc.com/tajik/news/2015/03/150304_rm_iran_iraq_isis
102,https://www.bbc.com/tajik/news/2015/03/150304_rm_obama_reax_netaniahu_iran_deal
103,https://www.bbc.com/tajik/news/2015/03/150304_mm_rln_border
104,https://www.bbc.com/tajik/news/2015/03/150303_l16_an_iraq_tikrit
105,https://www.bbc.com/tajik/news/2015/03/150303_zkh_female_driver_competition
106,https://www.bbc.com/tajik/news/2015/03/150303_rm_russia_nemtsov
107,https://www.bbc.com/tajik/news/2015/03/150303_mm_rln_rahimov_migrants
108,https://www.bbc.com/tajik/news/2015/03/150303_zkh_rln_blackmai_teenager_crime
109,https://www.bbc.com/tajik/news/2015/03/150303_mm_rln_court
110,https://www.bbc.com/tajik/news/2015/03/150303_rm_ukraine_kerry
111,https://www.bbc.com/tajik/news/2015/03/150302_mm_election_observers
112,https://www.bbc.com/tajik/news/2015/03/150302_rm_iraq_tikrit_is
113,https://www.bbc.com/tajik/news/2015/03/150302_mm_election_results
114,https://www.bbc.com/tajik/news/2015/03/150302_rm_netanyahu_iran
115,https://www.bbc.com/tajik/news/2015/03/150301_l16_l31_egypt_election_parliament
116,https://www.bbc.com/tajik/news/2015/03/150301_zm_photo_elections_tj
117,https://www.bbc.com/tajik/news/2015/03/150301_zkh_election_vote_parliament
118,https://www.bbc.com/tajik/news/2015/02/150228_mm_afganistan_mouring
119,https://www.bbc.com/tajik/news/2015/02/150228_mm_nemtsov_killed
120,https://www.bbc.com/tajik/news/2015/02/150227_ea_eugenics_compensation
121,https://www.bbc.com/tajik/news/2015/02/150227_ea_isis_destroys_ancient_iraq_statues_mosul
122,https://www.bbc.com/tajik/news/2015/02/150227_mm_rln_russia_military
123,https://www.bbc.com/tajik/news/2015/02/150226_zkh_election_people_views
124,https://www.bbc.com/tajik/news/2015/02/150226_mm_rln_appointment
125,https://www.bbc.com/tajik/news/2015/02/150226_mm_tajpress
126,https://www.bbc.com/tajik/news/2015/02/150226_zm_photo_album_football
127,https://www.bbc.com/tajik/news/2015/02/150226_ea_pdpt_rahmanzadeh_iv_elex
128,https://www.bbc.com/tajik/news/2015/02/150226_ea_kerry_iran_isis
129,https://www.bbc.com/tajik/news/2015/02/150225_l16_an_ukraine_russia_france
130,https://www.bbc.com/tajik/news/2015/02/150225_l16_l03_amnesty_unsc_veto
131,https://www.bbc.com/tajik/news/2015/02/150225_mm_parliament_energy
132,https://www.bbc.com/tajik/news/2015/02/150225_ea_iran_us_nuclear_deall_wh_10_year
133,https://www.bbc.com/tajik/news/2015/02/150224_l16_l26_syria_islamic_state_christian_abduction
134,https://www.bbc.com/tajik/news/2015/02/150224_l16_an_france_paris_drones
135,https://www.bbc.com/tajik/news/2015/02/150224_l16_an_ukraine_russia_gas
136,https://www.bbc.com/tajik/news/2015/02/150224_mm_aliev_suicide
137,https://www.bbc.com/tajik/news/2015/02/150224_zkh_rln_sale_newborn_crime
138,https://www.bbc.com/tajik/news/2015/02/150224_ea_netanyahu_iran
139,https://www.bbc.com/tajik/news/2015/02/150224_mm_rln_avalanche
140,https://www.bbc.com/tajik/news/2015/02/150223_l16_l31_egypt_blogger-jail
141,https://www.bbc.com/tajik/news/2015/02/150223_l16_l31_us_isis_kuwait
142,https://www.bbc.com/tajik/news/2015/02/150223_l16_l31_s300_russia_iran
143,https://www.bbc.com/tajik/news/2015/02/150223_zkh_rln_missing_search_police
144,https://www.bbc.com/tajik/news/2015/02/150223_zkh_rln_childrens_drawings_competition
145,https://www.bbc.com/tajik/news/2015/02/150223_zkh_unhcr_refugees_afghan
146,https://www.bbc.com/tajik/news/2015/02/150223_ea_oscars_2015_academy_awards_cinema
147,https://www.bbc.com/tajik/news/2015/02/150223_ea_ukraine_marches
148,https://www.bbc.com/tajik/news/2015/02/150222_l16_l26_iran_ambassador_resident_libya_tripoli_explosion
149,https://www.bbc.com/tajik/news/2015/02/150222_l16_l10_kharkiv_blast_ukrain
150,https://www.bbc.com/tajik/news/2015/02/150222_l16_k03_badakshan_avalanch
151,https://www.bbc.com/tajik/news/2015/02/150222_l16_l10_zarif_nuclear_talks
152,https://www.bbc.com/tajik/news/2015/02/150222_l16_l10_ukrain_weapon_pullout_agreed
153,https://www.bbc.com/tajik/news/2015/02/150221_mm_russia_ukraine
154,https://www.bbc.com/tajik/news/2015/02/150221_mm_us_kabul
155,https://www.bbc.com/tajik/news/2015/02/150220_zkh_album_india_exhibition
156,https://www.bbc.com/tajik/news/2015/02/150220_ea_iraqi_kurds_prepare_retaking_mosul
157,https://www.bbc.com/tajik/news/2015/02/150220_mm_rahimzoda_iran
158,https://www.bbc.com/tajik/news/2015/02/150220_ea_caliography_iran_persian
159,https://www.bbc.com/tajik/news/2015/02/150219_l16_l45_greece_loan_extension
160,https://www.bbc.com/tajik/news/2015/02/150219_l16_an_uk_russia_aircrafts
161,https://www.bbc.com/tajik/news/2015/02/150219_ea_qatar_egypt_ambassador
162,https://www.bbc.com/tajik/news/2015/02/150219_ea_us_taliban_peace_talks_qatar
163,https://www.bbc.com/tajik/news/2015/02/150219_ea_iran_nuclear_zarif_kerry
164,https://www.bbc.com/tajik/news/2015/02/150219_zkh_press_review
165,https://www.bbc.com/tajik/news/2015/02/150219_mm_rahman_resignation
166,https://www.bbc.com/tajik/news/2015/02/150219_mm_rln_resignation
167,https://www.bbc.com/tajik/news/2015/02/150219_ea_obama_extremism
168,https://www.bbc.com/tajik/news/2015/02/150218_l16_k04_un_report_on_civilian_causalities
169,https://www.bbc.com/tajik/news/2015/02/150218_l16_l20_ukraine_troops
170,https://www.bbc.com/tajik/news/2015/02/150218_zkh_interior_iran_visit
171,https://www.bbc.com/tajik/news/2015/02/150218_zkh_ecvator_award_water_hope
172,https://www.bbc.com/tajik/news/2015/02/150218_ea_counter_extremism_washington
173,https://www.bbc.com/tajik/news/2015/02/150218_ea_ukraine_putin_us_power
174,https://www.bbc.com/tajik/news/2015/02/150218_mm_rahman_corruption
175,https://www.bbc.com/tajik/news/2015/02/150217_l16_an_syria_army_aleppo
176,https://www.bbc.com/tajik/news/2015/02/150217_l16_an_pakistan_lahore_attack
177,https://www.bbc.com/tajik/news/2015/02/150217_l16_l26_libya_egypt_un_islamic_state_isis
178,https://www.bbc.com/tajik/news/2015/02/150217_ea_iran_cyber_spyware_nsa_us_kasperskey
179,https://www.bbc.com/tajik/news/2015/02/150217_zkh_rln_prostitution_crime_police
180,https://www.bbc.com/tajik/news/2015/02/150217_zkh_rln_locomotive_accident_woman
181,https://www.bbc.com/tajik/news/2015/02/150217_ea_ukraine_truce
182,https://www.bbc.com/tajik/news/2015/02/150217_ea_iran_nuclear_israel_netanyahu_leak_us
183,https://www.bbc.com/tajik/news/2015/02/150216_l16_l57_denmark_gunman
184,https://www.bbc.com/tajik/news/2015/02/150216_zkh_election_mass_media
185,https://www.bbc.com/tajik/news/2015/02/150216_ea_egypt_libya_is_attack
186,https://www.bbc.com/tajik/news/2015/02/150216_zkh_rln_rape_crime
187,https://www.bbc.com/tajik/news/2015/02/150216_zkh_culture_film_safarihavoi
188,https://www.bbc.com/tajik/news/2015/02/150216_ea_egyptian_christians_killed_isis_libya
189,https://www.bbc.com/tajik/news/2015/02/150215_l16l10_braunschweig_carnival_threat
190,https://www.bbc.com/tajik/news/2015/02/150215_l16_l93_valentine
191,https://www.bbc.com/tajik/news/2015/02/150215_l16_l51_denmark_shooting
192,https://www.bbc.com/tajik/news/2015/02/150214_mm_ukraine_us
193,https://www.bbc.com/tajik/news/2015/02/150214_mm_obama_muslim_students
194,https://www.bbc.com/tajik/news/2015/02/150213_mm_staff_transfer
195,https://www.bbc.com/tajik/news/2015/02/150213_ea_us_welcomes_ukraine_peace_minsk
196,https://www.bbc.com/tajik/news/2015/02/150213_mm_rln_russia_court
197,https://www.bbc.com/tajik/news/2015/02/150212_ukraine_agreement_putin
198,https://www.bbc.com/tajik/news/2015/02/150212_sq_tajpress
199,https://www.bbc.com/tajik/news/2015/02/150212_ea_obama_is_congress
200,https://www.bbc.com/tajik/news/2015/02/150212_mm_rln_saidov_court
201,https://www.bbc.com/tajik/news/2015/02/150212_ea_ukraine_agreement
202,https://www.bbc.com/tajik/news/2015/02/150211_l16_an_shootings_us_muslims
203,https://www.bbc.com/tajik/news/2015/02/150211_l16_an_migrants_boat_missing
204,https://www.bbc.com/tajik/news/2015/02/150211_l16_an_ukraine_putin_usa_russia
205,https://www.bbc.com/tajik/news/2015/02/150211_sq_torture_tajikistan
206,https://www.bbc.com/tajik/news/2015/02/150211_mm_parliament_agreements
207,https://www.bbc.com/tajik/news/2015/02/150211_sq_l26_us_hostage_islamic_state_kayla_mueller_death
208,https://www.bbc.com/tajik/news/2015/02/150211_ea_nahzat_mahmud_arrest
209,https://www.bbc.com/tajik/news/2015/02/150210_zm_photo_phootbal_taj_bangl
210,https://www.bbc.com/tajik/news/2015/02/150210_l16_assad_bbc_interview
211,https://www.bbc.com/tajik/news/2015/02/150210_ea_rouhani_iran_nuclear_talks
212,https://www.bbc.com/tajik/news/2015/02/150210_sq_rln_hostage_doctor_released
213,https://www.bbc.com/tajik/news/2015/02/150210_sq_ifc_tajik_economy
214,https://www.bbc.com/tajik/news/2015/02/150210_ea_kundoz_attack_police
215,https://www.bbc.com/tajik/news/2015/02/150210_ea_ravansar_assassination
216,https://www.bbc.com/tajik/news/2015/02/150210_mm_rahman_un
217,https://www.bbc.com/tajik/news/2015/02/150209_l16_samsung_tv_listening_
218,https://www.bbc.com/tajik/news/2015/02/150209_l16_china_executes_mafia_tycoon
219,https://www.bbc.com/tajik/news/2015/02/150209_ea_mulla_rauf_helmand
220,https://www.bbc.com/tajik/news/2015/02/150209_ea_ukraine_putin_peaceplan
221,https://www.bbc.com/tajik/news/2015/02/150209_sq_rln_saidov
222,https://www.bbc.com/tajik/news/2015/02/150209_ea_iraq_blast
223,https://www.bbc.com/tajik/news/2015/02/150209_ea_ukraine_germany_us-plan
224,https://www.bbc.com/tajik/news/2015/02/150209_mm_rln_abdildaev_visit
225,https://www.bbc.com/tajik/news/2015/02/150209_ea_iran_nuclear_talks_extension_kerry
226,https://www.bbc.com/tajik/news/2015/02/150209_mm_rln_election
227,https://www.bbc.com/tajik/news/2015/02/150208_l16_ukraine_britian_russia_germany
228,https://www.bbc.com/tajik/news/2015/02/150208_l16_khamenei_nuclear_talks
229,https://www.bbc.com/tajik/news/2015/02/150207_mm_rln_election_hakimov
230,https://www.bbc.com/tajik/news/2015/02/150207_mm_merkel_hollande_putin
231,https://www.bbc.com/tajik/news/2015/02/150206_sq_rln_military_rus_taj
232,https://www.bbc.com/tajik/news/2015/02/150206_rm_iraq_saddam_execution_rope
233,https://www.bbc.com/tajik/news/2015/02/150206_rm_ukraine_crisis_new_diplomatic_push
234,https://www.bbc.com/tajik/news/2015/02/150206_zkh_rln_rahman_jordan_isis
235,https://www.bbc.com/tajik/news/2015/02/150205_sq_rln_quarterplets
236,https://www.bbc.com/tajik/news/2015/02/150205_rm_911_saudi
237,https://www.bbc.com/tajik/news/2015/02/150205_sq_rln_medicine
238,https://www.bbc.com/tajik/news/2015/02/150205_rm_is_uk_us_jordan
239,https://www.bbc.com/tajik/news/2015/02/150205_mm_tajpress
240,https://www.bbc.com/tajik/news/2015/02/150205_rm_jordan_isis
241,https://www.bbc.com/tajik/news/2015/02/150204_l16_greece_eu_talks
242,https://www.bbc.com/tajik/news/2015/02/150204_l16_oil_sanctions_circumvention
243,https://www.bbc.com/tajik/news/2015/02/150204_rm_taiwan_plane_crash
244,https://www.bbc.com/tajik/news/2015/02/150204_mm_tajikistan_pakistan_terrorism
245,https://www.bbc.com/tajik/news/2015/02/150204_rm_jordan_isis
246,https://www.bbc.com/tajik/news/2015/02/150203_l16_isis_islamic_state_jordanian_pilot_burning
247,https://www.bbc.com/tajik/news/2015/02/150203_zkh_quvvatov_freedom
248,https://www.bbc.com/tajik/news/2015/02/150203_rm_afghan_kabul_women_protest_against_afghan_cabinet
249,https://www.bbc.com/tajik/news/2015/02/150203_zkh_new_appointments_rahman
250,https://www.bbc.com/tajik/news/2015/02/150203_mm_irpt_election
251,https://www.bbc.com/tajik/news/2015/02/150203_rm_us_ukraine
252,https://www.bbc.com/tajik/news/2015/02/150202_16_iraq_yazidi_mass_grave
253,https://www.bbc.com/tajik/news/2015/02/150202_l16_fajr_satellite_launched
254,https://www.bbc.com/tajik/news/2015/02/150202_l16_egypt_execution_sentence_muslim_brotherhood
255,https://www.bbc.com/tajik/news/2015/02/150202_l16_strauss_kahn_pimping_trial
256,https://www.bbc.com/tajik/news/2015/02/150202_rm_ebola_vaccine
257,https://www.bbc.com/tajik/news/2015/02/150202_zkh_accidents_5death_police
258,https://www.bbc.com/tajik/news/2015/02/150202_rm_peter_greste_aljazeera_journalist_prison_release
259,https://www.bbc.com/tajik/news/2015/02/150202_zkh_rln_murder_migrants_russia
260,https://www.bbc.com/tajik/news/2015/02/150201_l16_new_ministers_af_cabinet
261,https://www.bbc.com/tajik/news/2015/02/150201_l16_egypt_ai_accusation
262,https://www.bbc.com/tajik/news/2015/02/150201_l16_jordan_isis_hostage
263,https://www.bbc.com/tajik/news/2015/01/150131_mm_pfristan_mosque_bomb
264,https://www.bbc.com/tajik/news/2015/01/150131_mm_canada_antiterror
265,https://www.bbc.com/tajik/news/2015/01/150131_mm_rln_assassination
266,https://www.bbc.com/tajik/news/2015/01/150131_mm_afghanistan_kills_bride
267,https://www.bbc.com/tajik/news/2015/01/150130_zkh_election_politparty_youth
268,https://www.bbc.com/tajik/news/2015/01/150130_sq_hwr_report2015_tajikistan
269,https://www.bbc.com/tajik/news/2015/01/150130_rm_us_iran_sanctions
270,https://www.bbc.com/tajik/news/2015/01/150130_rm_jordan_is_hostages
271,https://www.bbc.com/tajik/news/2015/01/150130_mm_sdpt_election
272,https://www.bbc.com/tajik/news/2015/01/150129_zkh_press_review
273,https://www.bbc.com/tajik/news/2015/01/150129_rm_lebanon_hezbollah_israel_clash
274,https://www.bbc.com/tajik/news/2015/01/150129_sq_kudratov
275,https://www.bbc.com/tajik/news/2015/01/150129_rm_rln_blast_in_afghanistan
276,https://www.bbc.com/tajik/news/2015/01/150129_mm_rln_court_russia
277,https://www.bbc.com/tajik/news/2015/01/150129_rm_cuba_gitmo
278,https://www.bbc.com/tajik/news/2015/01/150128_rm_north-korea_kim_russia
279,https://www.bbc.com/tajik/news/2015/01/150128_sq_rln_rahman_military_russia
280,https://www.bbc.com/tajik/news/2015/01/150128_zkh_rln_heroin_smuggler_crime
281,https://www.bbc.com/tajik/institutional/2015/01/150128_rm_japan_is_hostage
282,https://www.bbc.com/tajik/news/2015/01/150128_sq_elex_nahzat_social_demo
283,https://www.bbc.com/tajik/news/2015/01/150128_mm_export_import
284,https://www.bbc.com/tajik/news/2015/01/150127_mm_energy
285,https://www.bbc.com/tajik/news/2015/01/150127_zkh_child_botulism_death
286,https://www.bbc.com/tajik/news/2015/01/150126_l16_greece_pm
287,https://www.bbc.com/tajik/news/2015/01/150126_l16_kobane_syria_islamic_state_ypg
288,https://www.bbc.com/tajik/news/2015/01/150126_sq_rln_tatar_tv
289,https://www.bbc.com/tajik/news/2015/01/150126_sq_mubarak_sons_freed_jail_egypt
290,https://www.bbc.com/tajik/news/2015/01/150126_sq_us_india_nuclear_deal
291,https://www.bbc.com/tajik/news/2015/01/150126_mm_marriage_divorce
292,https://www.bbc.com/tajik/news/2015/01/150126_zkh_election_treatment_islam_party
293,https://www.bbc.com/tajik/news/2015/01/150126_sq_rln_egypt
294,https://www.bbc.com/tajik/news/2015/01/150126_sq_an_greece_election
295,https://www.bbc.com/tajik/news/2015/01/150124_rm_afghan_cabinet_parliament
296,https://www.bbc.com/tajik/news/2015/01/150124_rm_iran_nuclear_davos
297,https://www.bbc.com/tajik/news/2015/01/150123_zkh_rln_rahman_saudi_king_death
298,https://www.bbc.com/tajik/news/2015/01/150123_rm_yemen_president_resign
299,https://www.bbc.com/tajik/news/2015/01/150123_zkh_rln_horse_stealer_crime
300,https://www.bbc.com/tajik/news/2015/01/150123_sq_rahman_speech
301,https://www.bbc.com/tajik/news/2015/01/150123_rm_saudi_king_dies
302,https://www.bbc.com/tajik/news/2015/01/150123_mm_us_uzbekistan_military_assistance
303,https://www.bbc.com/tajik/news/2015/01/150122_sq_tajpress
304,https://www.bbc.com/tajik/news/2015/01/150122_rm_khamenei_message_islam
305,https://www.bbc.com/tajik/news/2015/01/150122_zkh_rln_crime_captain_bribe_police
306,https://www.bbc.com/tajik/news/2015/01/150122_mm_statement_election
307,https://www.bbc.com/tajik/news/2015/01/150122_mm_gold_production
308,https://www.bbc.com/tajik/news/2015/01/150121_rm_israel_palestinian_stabbing
309,https://www.bbc.com/tajik/news/2015/01/150121_zkh_girl_crime
310,https://www.bbc.com/tajik/news/2015/01/150121_sq_rln_kabiri
311,https://www.bbc.com/tajik/news/2015/01/150121_mm_agreement_sco
312,https://www.bbc.com/tajik/news/2015/01/150121_rm_france_chechen
313,https://www.bbc.com/tajik/institutional/2015/01/150121_mm_rln_parliament_sharifov
314,https://www.bbc.com/tajik/news/2015/01/150121_zkh_rln_crime_murder_wife
315,https://www.bbc.com/tajik/news/2015/01/150121_rm_iran_russia_defensive_military_cooperation
316,https://www.bbc.com/tajik/news/2015/01/150120_sq_rln_weather
317,https://www.bbc.com/tajik/news/2015/01/150120_zkh_elex_osce_observers
318,https://www.bbc.com/tajik/news/2015/01/150120_rm_afghan_iran_visit
319,https://www.bbc.com/tajik/news/2015/01/150120_yemen_sanaa_clashes_houthis
320,https://www.bbc.com/tajik/news/2015/01/150120_mm_currency_national_bank
321,https://www.bbc.com/tajik/news/2015/01/150119_zkh_human_traffic_saghd
322,https://www.bbc.com/tajik/news/2015/01/150119_zkh_tajair_khaliqov_conference
323,https://www.bbc.com/tajik/news/2015/01/150119_zkh_sharipiv_death_parliament
324,https://www.bbc.com/tajik/news/2015/01/150119_sq_rln_kabiri
325,https://www.bbc.com/tajik/news/2015/01/150119_rm_joe_biden_house_shots
326,https://www.bbc.com/tajik/news/2015/01/150117_mm_ghani_reaction
327,https://www.bbc.com/tajik/news/2015/01/150117_mm_us_icc_palestine
328,https://www.bbc.com/tajik/news/2015/01/150117_mm_obama_warns
329,https://www.bbc.com/tajik/news/2015/01/150116_rm_paris_raids_germany_islamists
330,https://www.bbc.com/tajik/news/2015/01/150116_zkh_rln_juvenile_offenders_crime
331,https://www.bbc.com/tajik/news/2015/01/150116_zkh_interior_press_quvvatov
332,https://www.bbc.com/tajik/news/2015/01/150116_rm_cyber_attack_war_games_us_uk
333,https://www.bbc.com/tajik/news/2015/01/150116_rm_belgian_antiterror_raid
334,https://www.bbc.com/tajik/news/2015/01/150116_mm_karimov_election
335,https://www.bbc.com/tajik/news/2015/01/150115_zkh_rln_migration_death
336,https://www.bbc.com/tajik/news/2015/01/150115_sq_human_rights_qudratov
337,https://www.bbc.com/tajik/news/2015/01/150115_mm_tajpress
338,https://www.bbc.com/tajik/news/2015/01/150115_zkh_assistance_adb_water
339,https://www.bbc.com/tajik/news/2015/01/150115_rm_us_terrorplot_uscongress
340,https://www.bbc.com/tajik/news/2015/01/150114_zkh_imruznews_media_france
341,https://www.bbc.com/tajik/news/2015/01/150114_rm_alqaeda_yemen_charlie_hebdo
342,https://www.bbc.com/tajik/news/2015/01/150114_sq_embassy_france_site_attack
343,https://www.bbc.com/tajik/news/2015/01/150114_mm_rln_parliament_talco
344,https://www.bbc.com/tajik/news/2015/01/150114_zkh_rln_afghan_smuggler_badakhshan
345,https://www.bbc.com/tajik/news/2015/01/150114_zkh_customs_russia_petrol
346,https://www.bbc.com/tajik/news/2015/01/150114_mm_parliament_science
347,https://www.bbc.com/tajik/news/2015/01/150114_rm_islamic_state_russian_spy_execution
348,https://www.bbc.com/tajik/news/2015/01/150113_sq_qudratov
349,https://www.bbc.com/tajik/news/2015/01/150113_rm_mubarak_acquittal
350,https://www.bbc.com/tajik/news/2015/01/150113_rm_germany_islamprotests
351,https://www.bbc.com/tajik/news/2015/01/150113_rm_charliehebdo_cartoon
352,https://www.bbc.com/tajik/news/2015/01/150113_mm_fifa_ronaldo
353,https://www.bbc.com/tajik/news/2015/01/150112_rm_afghanistan_stopped_oil_import_from_iran
354,https://www.bbc.com/tajik/news/2015/01/150112_zkh_rln_
355,https://www.bbc.com/tajik/news/2015/01/150112_rm_airasia_blackbox_data
356,https://www.bbc.com/tajik/news/2015/01/150112_sq_rln_kabiri_hnit_iprt
357,https://www.bbc.com/tajik/news/2015/01/150112_zkh_smuggling_plants_crime
358,https://www.bbc.com/tajik/news/2015/01/150109_sq_france_shootings
359,https://www.bbc.com/tajik/news/2015/01/150109_sq_mar_nug_taliban_ministries
360,https://www.bbc.com/tajik/news/2015/01/150109_zkh_rln_murder_saghd_crime
361,https://www.bbc.com/tajik/news/2015/01/150108_l16_france_mourning
362,https://www.bbc.com/tajik/news/2015/01/150108_sq_isis_threat_tajik_journalist
363,https://www.bbc.com/tajik/news/2015/01/150108_sq_rln_paris_shooting
364,https://www.bbc.com/tajik/news/2015/01/150108_sq_rln_khatlan_terrorism_isis
365,https://www.bbc.com/tajik/news/2015/01/150108_zkh_press_review
366,https://www.bbc.com/tajik/news/2015/01/150108_zkh_rln_rahman_france_condolence
367,https://www.bbc.com/tajik/news/2015/01/150108_sq_l10_paris_attack_gunmen_identified
368,https://www.bbc.com/tajik/news/2015/01/150107_l16_rouhani_sunni_rights
369,https://www.bbc.com/tajik/news/2015/01/150107_l16_yemen_sanna_explosion
370,https://www.bbc.com/tajik/news/2015/01/150107_l16_french_satirical_magazine_attack
371,https://www.bbc.com/tajik/news/2015/01/150107_sq_russia_migrants_decline
372,https://www.bbc.com/tajik/news/2015/01/150107_sq_taj_ukrain_oil
373,https://www.bbc.com/tajik/news/2015/01/150107_sq_elex_iprt_communist_preparations
374,https://www.bbc.com/tajik/news/2015/01/150107_sq_geneva_cancer_vaccine
375,https://www.bbc.com/tajik/news/2015/01/150107_sq_obama_threatens_keystone_veto
376,https://www.bbc.com/tajik/news/2015/01/150106_l16_istanbul_suicide_attack
377,https://www.bbc.com/tajik/news/2015/01/150106_l16_pakistan_military_courts_terrorism
378,https://www.bbc.com/tajik/news/2015/01/150106_l16_kobane_kurds_islamic_state_isis_syria
379,https://www.bbc.com/tajik/news/2015/01/150106_zkh_drug_firefight_afghan_border
380,https://www.bbc.com/tajik/news/2015/01/150106_sq_oil_prices_falling
381,https://www.bbc.com/tajik/news/2015/01/150106_sq_u04_germany_islam
382,https://www.bbc.com/tajik/news/2015/01/150106_zkh_rln_car_theft_teenager
383,https://www.bbc.com/tajik/news/2015/01/150105_l16_euro_drop_against_dollar
384,https://www.bbc.com/tajik/news/2015/01/150105_sq_rln_irpt_hnit
385,https://www.bbc.com/tajik/news/2015/01/150105_sq_k03_kabul_blast
386,https://www.bbc.com/tajik/news/2015/01/150105_sq_rln_l57_airasia_week2
387,https://www.bbc.com/tajik/news/2015/01/150105_zkh_rape_12years_girl
388,https://www.bbc.com/tajik/news/2015/01/150105_zkh_rulesroad_badakhshan_poice
389,https://www.bbc.com/tajik/news/2015/01/150105_zkh_center_strategic_migration
390,https://www.bbc.com/tajik/news/2015/01/150105_sq_u04_ghani_ustroops
391,https://www.bbc.com/tajik/news/2015/01/150104_l16_pope_cardinals_appointment
392,https://www.bbc.com/tajik/news/2015/01/150104_l16_iran_economy_referendum
393,https://www.bbc.com/tajik/news/2015/01/150104_l16_israel_palestine_tax_icc_netanyahu
394,https://www.bbc.com/tajik/news/2015/01/150104_l16_northkorea_sanctions_us_sonypictures
395,https://www.bbc.com/tajik/news/2015/01/150102_sq_rln_sistan_assassination
396,https://www.bbc.com/tajik/news/2015/01/150102_sq_l03_cancer_caused_chance
397,https://www.bbc.com/tajik/news/2015/01/150102_zkh_biometric_passport_interior_migration
398,https://www.bbc.com/tajik/news/2015/01/150102_mm_karimov_new_year
399,https://www.bbc.com/tajik/news/2015/01/150102_sq_u07_airasia_search_underwater
400,https://www.bbc.com/tajik/news/2015/01/150102_zkh_rln_cuba_congratulation
401,https://www.bbc.com/tajik/news/2015/01/150102_sq_u07_kazakhstan_guantanamo
402,https://www.bbc.com/tajik/news/2015/01/150101_rm_helmand-rocket
403,https://www.bbc.com/tajik/news/2015/01/150101_rm_shanghai-stampede
404,https://www.bbc.com/tajik/news/2014/12/141231_mm_zuhurov_election
405,https://www.bbc.com/tajik/news/2014/12/141231_rm_walmart_shooting_kid
406,https://www.bbc.com/tajik/news/2014/12/141231_rm_airasia_search_latest
407,https://www.bbc.com/tajik/news/2014/12/141230_sq_tajpress
408,https://www.bbc.com/tajik/news/2014/12/141230_rm_russia_navalny_putin
409,https://www.bbc.com/tajik/news/2014/12/141230_rm_afghan_doctors_kidnapped
410,https://www.bbc.com/tajik/news/2014/12/141230_mm_rln_election
411,https://www.bbc.com/tajik/news/2014/12/141230_zkh_communist_election_saghd
412,https://www.bbc.com/tajik/news/2014/12/141230_search_zone_missing_plane_expanded
413,https://www.bbc.com/tajik/news/2014/12/141230_mm_rahman_economy
414,https://www.bbc.com/tajik/news/2014/12/141229_rm_afghan_young_girl_suicide_attacker_in_police_helmand
415,https://www.bbc.com/tajik/news/2014/12/141229_zkh_crime_murder_4death
416,https://www.bbc.com/tajik/news/2014/12/141229_rm_airasia_missingdayone
417,https://www.bbc.com/tajik/news/2014/12/141229_mm_rln_eaeu_tajikistan
418,https://www.bbc.com/tajik/news/2014/12/141227_zkh_election_communist_parliament
419,https://www.bbc.com/tajik/news/2014/12/141227_ea_ukraine_prisoners_trade
420,https://www.bbc.com/tajik/news/2014/12/141226_rm_iran_oil_japan_china
421,https://www.bbc.com/tajik/news/2014/12/141226_sq_rln_russian_military
422,https://www.bbc.com/tajik/news/2014/12/141226_mm_rahman_terrorism
423,https://www.bbc.com/tajik/news/2014/12/141226_rm_iran_pope_khomeini_agca
424,https://www.bbc.com/tajik/news/2014/12/141226_mm_rln_accident
425,https://www.bbc.com/tajik/news/2014/12/141226_rm_china_christmas_christianity
426,https://www.bbc.com/tajik/news/2014/12/141225_rm_xmass_bethlehem
427,https://www.bbc.com/tajik/news/2014/12/141225_sq_academy_statement_terrorism
428,https://www.bbc.com/tajik/news/2014/12/141225_rm_interview_screening_n_korea
429,https://www.bbc.com/tajik/news/2014/12/141225_mm_yemen_hostage
430,https://www.bbc.com/tajik/news/2014/12/141225_rm_russia_vodka_price
431,https://www.bbc.com/tajik/news/2014/12/141225_sq_rln_narcotics_burnt
432,https://www.bbc.com/tajik/news/2014/12/141225_mm_tajik_afghan_terrorism
433,https://www.bbc.com/tajik/news/2014/12/141224_l16_syria_isil_plane
434,https://www.bbc.com/tajik/news/2014/12/141224_l16_us_police_black_teen_ferguson
435,https://www.bbc.com/tajik/news/2014/12/141224_rm_pakistan_afghanistan_taliban_bases
436,https://www.bbc.com/tajik/news/2014/12/141224_rm_sydney_arrests
437,https://www.bbc.com/tajik/news/2014/12/141224_mm_rln_migrants
438,https://www.bbc.com/tajik/news/2014/12/141223_zkh_tajik_fighters_ukraine
439,https://www.bbc.com/tajik/news/2014/12/141223_mm_adb_tajikistan
440,https://www.bbc.com/tajik/news/2014/12/141223_sq_scto_strengthen_military_cooperation
441,https://www.bbc.com/tajik/news/2014/12/141223_ea_northkorea_internet_sony
442,https://www.bbc.com/tajik/news/2014/12/141222_rm_pinotti-afghanistan
443,https://www.bbc.com/tajik/news/2014/12/141222_mm_uzbek_election
444,https://www.bbc.com/tajik/news/2014/12/141222_rm_france_terrorism
445,https://www.bbc.com/tajik/news/2014/12/141222_zkh_rln_rape_boys_crime
446,https://www.bbc.com/tajik/news/2014/12/141222_rm_tunisia_election
447,https://www.bbc.com/tajik/news/2014/12/141222_mm_border_abduction
448,https://www.bbc.com/tajik/news/2014/12/141220_ea_umarali_quvvatov_turkey_arrest
449,https://www.bbc.com/tajik/news/2014/12/141220_sq_elex_democrats_congress
450,https://www.bbc.com/tajik/news/2014/12/141219_rm_russia_eu_sanctions
451,https://www.bbc.com/tajik/news/2014/12/141219_rm_isis_kurdish_sinjar
452,https://www.bbc.com/tajik/news/2014/12/141219_zkh_rln_smuggler_drug_russia
453,https://www.bbc.com/tajik/news/2014/12/141219_rm_cairns_death
454,https://www.bbc.com/tajik/news/2014/12/141218_sq_russian_ruble_migration
455,https://www.bbc.com/tajik/news/2014/12/141218_rm_russia_putin
456,https://www.bbc.com/tajik/news/2014/12/141218_rm_russia_economy
457,https://www.bbc.com/tajik/news/2014/12/141218_rm_sucied_attack_in_kabul
458,https://www.bbc.com/tajik/news/2014/12/141217_l16_cuba_us_obama
459,https://www.bbc.com/tajik/news/2014/12/141217_l16_cinema_interview_korean_cancelled
460,https://www.bbc.com/tajik/news/2014/12/141217_l16_russia_rouble_apple
461,https://www.bbc.com/tajik/news/2014/12/141217_zm_rj_unicef
462,https://www.bbc.com/tajik/news/2014/12/141217_rm_hamas_eu_terror_list
463,https://www.bbc.com/tajik/news/2014/12/141217_sq_rln_rahamn_pakistan
464,https://www.bbc.com/tajik/news/2014/12/141217_sq_rln_hnit_terrorism
465,https://www.bbc.com/tajik/news/2014/12/141217_mm_parliament_terrorism
466,https://www.bbc.com/tajik/news/2014/12/141217_rm_jeb_bush_us_presidential_candidate
467,https://www.bbc.com/tajik/news/2014/12/141217_rm_us_russia_sanctions
468,https://www.bbc.com/tajik/news/2014/12/141216_l16_russia_rouble
469,https://www.bbc.com/tajik/news/2014/12/141216_zkh_khorog_crime_arrest
470,https://www.bbc.com/tajik/news/2014/12/141216_zkh_elex_massmedia_meeting
471,https://www.bbc.com/tajik/news/2014/12/141216_rm_pakistan_taliban
472,https://www.bbc.com/tajik/news/2014/12/141216_mm_kabiri_congress
473,https://www.bbc.com/tajik/news/2014/12/141216_sq_sohrab_qasimov_death
474,https://www.bbc.com/tajik/news/2014/12/141216_rm_germany_islam
475,https://www.bbc.com/tajik/news/2014/12/141215_l16_sydney_attack
476,https://www.bbc.com/tajik/news/2014/12/141215_rm_syria_idlib_nusra
477,https://www.bbc.com/tajik/news/2014/12/141215_rm_belgium_hostage_gunmen
478,https://www.bbc.com/tajik/news/2014/12/141215_sq_bordujha_security
479,https://www.bbc.com/tajik/news/2014/12/141215_rm_kabul_police_defused_carbomb
480,https://www.bbc.com/tajik/news/2014/12/141215_mm_rln_appointment
481,https://www.bbc.com/tajik/news/2014/12/141215_zkh_dollar_smuggling_crime
482,https://www.bbc.com/tajik/news/2014/12/141215_mm_election
483,https://www.bbc.com/tajik/news/2014/12/141215_rm_sydney_hostages
484,https://www.bbc.com/tajik/news/2014/12/141215_mm_rln_money_order
485,https://www.bbc.com/tajik/news/2014/12/141214_l16_isis_anbar_iraq
486,https://www.bbc.com/tajik/news/2014/12/141214_l16_turkey_arrests
487,https://www.bbc.com/tajik/news/2014/12/141214_l16_climate_lima_deal
488,https://www.bbc.com/tajik/news/2014/12/141214_l16_japan_election
489,https://www.bbc.com/tajik/news/2014/12/141214_l16_yemen_alqaeda_veiled_women
490,https://www.bbc.com/tajik/news/2014/12/141213_ea_elex_pdpt_congress
491,https://www.bbc.com/tajik/news/2014/12/141213_ea_qarshibayev_media_council
492,https://www.bbc.com/tajik/news/2014/12/141212_sq_terrorism_training_gov
493,https://www.bbc.com/tajik/news/2014/12/141212_rm_badakshan_police_freed
494,https://www.bbc.com/tajik/news/2014/12/141212_mm_uzbek_imam_killed
495,https://www.bbc.com/tajik/news/2014/12/141212_rm_us_house_passed_budget_bill_avert_shutdown
496,https://www.bbc.com/tajik/news/2014/12/141212_rm_poland_russia_baltic_sea
497,https://www.bbc.com/tajik/news/2014/12/141212_mm_rln_kabiri_smit
498,https://www.bbc.com/tajik/news/2014/12/141211_l16_russia_india_deals
499,https://www.bbc.com/tajik/news/2014/12/141211_l16_hongkong_arrests
500,https://www.bbc.com/tajik/news/2014/12/141211_sq_tajpress
501,https://www.bbc.com/tajik/news/2014/12/141211_zkh_election_roundtable_party
502,https://www.bbc.com/tajik/news/2014/12/141211_rm_blast_in_kabul
503,https://www.bbc.com/tajik/news/2014/12/141211_rm_oil_keepsfalling
504,https://www.bbc.com/tajik/news/2014/12/141211_mm_karimov_putin
505,https://www.bbc.com/tajik/news/2014/12/141210_l16_palestine_minister_died_kiled_isreal
506,https://www.bbc.com/tajik/news/2014/12/141210_l16_nobel_prise_malala_satyarthi
507,https://www.bbc.com/tajik/news/2014/12/141210_l16_rouhani_oil
508,https://www.bbc.com/tajik/news/2014/12/141210_sq_internet_wto_communication
509,https://www.bbc.com/tajik/news/2014/12/141210_rm_cia_torture_prosecution
510,https://www.bbc.com/tajik/news/2014/12/141210_rm_watson_nobel-banner
511,https://www.bbc.com/tajik/news/2014/12/141210_mm_media_ngos_control
512,https://www.bbc.com/tajik/news/2014/12/141210_rm_american_israel
513,https://www.bbc.com/tajik/news/2014/12/141209_l16_amnesty_israel_gaza_war_crime
514,https://www.bbc.com/tajik/news/2014/12/141209_l16_oecd_poor_rich_gap_growth
515,https://www.bbc.com/tajik/news/2014/12/141209_rm_afghan_un_anty_corruption_day
516,https://www.bbc.com/tajik/news/2014/12/141209_rm_palestine_icc
517,https://www.bbc.com/tajik/news/2014/12/141209_mm_zuhurov_election
518,https://www.bbc.com/tajik/news/2014/12/141209_rm_cia_torture
519,https://www.bbc.com/tajik/news/2014/12/141209_sq_rln_railway_russia
520,https://www.bbc.com/tajik/news/2014/12/141208_iran_corruption
521,https://www.bbc.com/tajik/news/2014/12/141208_zkh_court_bribe_arrest_crime
522,https://www.bbc.com/tajik/news/2014/12/141208_rm_eu_turkey_isis
523,https://www.bbc.com/tajik/news/2014/12/141208_zkh_rln_robbery_infliction_crime
524,https://www.bbc.com/tajik/news/2014/12/141208_zkh_rln_italy_refrigerator
525,https://www.bbc.com/tajik/news/2014/12/141208_rm_kerry_urged_patience_iran_nuclear_talks
526,https://www.bbc.com/tajik/news/2014/12/141208_sq_rln_sport_sambo
527,https://www.bbc.com/tajik/news/2014/12/141208_mm_parliament_meeting
528,https://www.bbc.com/tajik/news/2014/12/141208_mm_rln_aslov
529,https://www.bbc.com/tajik/news/2014/12/141207_l16_syria_israel_air_strikes_damascus
530,https://www.bbc.com/tajik/news/2014/12/141207_l16_russia_germany_merkel
531,https://www.bbc.com/tajik/news/2014/12/141207_l16_cdc_guidline_male_circumcision
532,https://www.bbc.com/tajik/news/2014/12/141207_16_us_somers_korkei_hostage
533,https://www.bbc.com/tajik/news/2014/12/141206_zm_tj_football-award-ceremony
534,https://www.bbc.com/tajik/news/2014/12/141206_ea_somers_yemen_us-journalist
535,https://www.bbc.com/tajik/news/2014/12/141205_sq_corruption_terrorism_ngo_views
536,https://www.bbc.com/tajik/news/2014/12/141205_mm_rahman_election
537,https://www.bbc.com/tajik/news/2014/12/141205_rm_bahrain_activist_al-khawaja_sentenced_king_photo
538,https://www.bbc.com/tajik/news/2014/12/141205_rm_afghanistan_conference_kerry_us_commitment
539,https://www.bbc.com/tajik/news/2014/12/141205_mm_tajik_afghan_talks
540,https://www.bbc.com/tajik/news/2014/12/141204_l16_russia_chechnya_putin
541,https://www.bbc.com/tajik/news/2014/12/141204_rm_russia_chechnya_putin
542,https://www.bbc.com/tajik/news/2014/12/141204_rm_corruption_iran
543,https://www.bbc.com/tajik/news/2014/12/141204_rm_warmest_year_climatechange
544,https://www.bbc.com/tajik/news/2014/12/141204_mm_rln_russia_tajikistan
545,https://www.bbc.com/tajik/news/2014/12/141203_l16_israel_early_election
546,https://www.bbc.com/tajik/news/2014/12/141203_l16_iran_caspian_sea_railway
547,https://www.bbc.com/tajik/news/2014/12/141203_zkh_fake_tickets_crime
548,https://www.bbc.com/tajik/news/2014/12/141203_mm_irpt_statement
549,https://www.bbc.com/tajik/news/2014/12/141203_rm_iran_airstrike_iraq_isis
550,https://www.bbc.com/tajik/news/2014/12/141202_l16_baghdadi_wife_isil
551,https://www.bbc.com/tajik/news/2014/12/141202_zkh_khorog_redeployment_rahman
552,https://www.bbc.com/tajik/news/2014/12/141202_zkh_pets_court_city
553,https://www.bbc.com/tajik/news/2014/12/141202_sq_ebrahimov
554,https://www.bbc.com/tajik/news/2014/12/141202_rm_ruble_fall
555,https://www.bbc.com/tajik/news/2014/12/141201_l16_oil_price_fall_5_ears
556,https://www.bbc.com/tajik/news/2014/12/141201_l16_turkey_russia_ties
557,https://www.bbc.com/tajik/news/2014/12/141201_sq_ngo_law_petition
558,https://www.bbc.com/tajik/news/2014/12/141201_rm_hongkong_protests_government_hq
559,https://www.bbc.com/tajik/news/2014/12/141201_rm_ebola_danger
560,https://www.bbc.com/tajik/news/2014/12/141201_mm_rln_parliament
561,https://www.bbc.com/tajik/news/2014/12/141201_zkh_interior_minister_badakhshan
562,https://www.bbc.com/tajik/news/2014/12/141201_zkh_rln_bribery_court_russia_migration
563,https://www.bbc.com/tajik/news/2014/11/141130_l16_switzerland-referendum
564,https://www.bbc.com/tajik/news/2014/11/141130_l16_israel_palestine_school_blaze
565,https://www.bbc.com/tajik/news/2014/11/141130_l16_arab_dress
566,https://www.bbc.com/tajik/news/2014/11/141129_ea_egypt_court_hosni_mobarak_trial
567,https://www.bbc.com/tajik/news/2014/11/141129_ea_walid_almoualem_syria_isis
568,https://www.bbc.com/tajik/news/2014/11/141129_ea_gooluck_reax_nigeria_attack
569,https://www.bbc.com/tajik/news/2014/11/141128_rm_india_hostage_iraq_isis
570,https://www.bbc.com/tajik/news/2014/11/141128_opec_166_meeting
571,https://www.bbc.com/tajik/news/2014/11/141128_mm_rln_tajik_consulate
572,https://www.bbc.com/tajik/news/2014/11/141128_mm_rln_court_russia
573,https://www.bbc.com/tajik/news/2014/11/141128_rm_hollande_ebola
574,https://www.bbc.com/tajik/news/2014/11/141127_l16_kabul_blast
575,https://www.bbc.com/tajik/news/2014/11/141127_zkh_homeless_women_poverty
576,https://www.bbc.com/tajik/news/2014/11/141127_rm_shirkhan_bandar_in_ghondoz
577,https://www.bbc.com/tajik/news/2014/11/141127_mm_tajpress
578,https://www.bbc.com/tajik/news/2014/11/141127_rm_kabul_explossion
579,https://www.bbc.com/tajik/news/2014/11/141127_rm_nato_blacksea_control
580,https://www.bbc.com/tajik/news/2014/11/141126_l16_tohti_students_trial_china
581,https://www.bbc.com/tajik/news/2014/11/141126_l16_ferguson
582,https://www.bbc.com/tajik/news/2014/11/141126_zkh_border_bomnaf_afghan
583,https://www.bbc.com/tajik/news/2014/11/141126_sq_czech_president
584,https://www.bbc.com/tajik/news/2014/11/141126_mm_parliament_energy
585,https://www.bbc.com/tajik/news/2014/11/141126_rm_missouri_governor_nixon
586,https://www.bbc.com/tajik/news/2014/11/141126_rm_syria_airstrike
587,https://www.bbc.com/tajik/news/2014/11/141125_sq_rln_violence
588,https://www.bbc.com/tajik/news/2014/11/141125_rm_vilonce_against_women_orange
589,https://www.bbc.com/tajik/news/2014/11/141125_mm_hakimov_election
590,https://www.bbc.com/tajik/news/2014/11/141125_zm_tj_football
591,https://www.bbc.com/tajik/news/2014/11/141125_zkh_weapons_smuggling_police
592,https://www.bbc.com/tajik/news/2014/11/141125_rm_hagel_resignation
593,https://www.bbc.com/tajik/news/2014/11/141125_rm_ferguson_tear_gas
594,https://www.bbc.com/tajik/news/2014/11/141124_l16_iran_nuclear_talks_extended
595,https://www.bbc.com/tajik/news/2014/11/141124_l16_nato_kabul_bomb_attack
596,https://www.bbc.com/tajik/news/2014/11/141124_l16_regin_malware
597,https://www.bbc.com/tajik/news/2014/11/141124_rm_shooting_usboy
598,https://www.bbc.com/tajik/news/2014/11/141124_zkh_crime_murder_police
599,https://www.bbc.com/tajik/news/2014/11/141124_sq_rln_euro_trade
600,https://www.bbc.com/tajik/news/2014/11/141124_rm_regin_tech_symantec
601,https://www.bbc.com/tajik/news/2014/11/141124_zkh_city_warning_time
602,https://www.bbc.com/tajik/news/2014/11/141124_rm_vienna_sunday
603,https://www.bbc.com/tajik/news/2014/11/141124_mm_national_flag_day
604,https://www.bbc.com/tajik/news/2014/11/141124_mm_rln_kuwait_visa
605,https://www.bbc.com/tajik/news/2014/11/141123_l16_book_quran_germany
606,https://www.bbc.com/tajik/news/2014/11/141123_l16_bsa-afg-parliament
607,https://www.bbc.com/tajik/news/2014/11/141123_l16_tunisia-election
608,https://www.bbc.com/tajik/news/2014/11/141122_ea_swiss_tajikistan_ukraine
609,https://www.bbc.com/tajik/news/2014/11/141122_ea_students_murder_kulab
610,https://www.bbc.com/tajik/news/2014/11/141122_ea_iran_nuclear_talks
611,https://www.bbc.com/tajik/news/2014/11/141121_rm_iran_nuclear_marivan_iaea
612,https://www.bbc.com/tajik/news/2014/11/141121_mm_parliament_migration
613,https://www.bbc.com/tajik/news/2014/11/141121_sq_tethys_orionbonk
614,https://www.bbc.com/tajik/news/2014/11/141121_rm_irantalks_kerry_nuc
615,https://www.bbc.com/tajik/news/2014/11/141121_zkh_crime_group24_extremist
616,https://www.bbc.com/tajik/news/2014/11/141121_rm_obama_immigration
617,https://www.bbc.com/tajik/news/2014/11/141120_l16_afghan_three_year_raped
618,https://www.bbc.com/tajik/news/2014/11/141120_rm_hammond_extension_iran_nuc
619,https://www.bbc.com/tajik/news/2014/11/141120_rm_dutchgirl_isis
620,https://www.bbc.com/tajik/news/2014/11/141120_rm_afghan_teacher_in_badghis_kidnaped
621,https://www.bbc.com/tajik/news/2014/11/141120_rm_snowstorm
622,https://www.bbc.com/tajik/news/2014/11/141119_l16_israel_east_jerusalem_palestinian
623,https://www.bbc.com/tajik/news/2014/11/141119_zkh_rln_robbery_russia_migration
624,https://www.bbc.com/tajik/news/2014/11/141119_sq_judje_corruption
625,https://www.bbc.com/tajik/news/2014/11/141119_mm_parliament_budget
626,https://www.bbc.com/tajik/news/2014/11/141119_rm_iran_northkorea_hr
627,https://www.bbc.com/tajik/news/2014/11/141119_zkh_murder_crime_police
628,https://www.bbc.com/tajik/news/2014/11/141118_l16_global_terrorism_report_deaths
629,https://www.bbc.com/tajik/news/2014/11/141118_l16_jerusalem_attack_israel_palestinian
630,https://www.bbc.com/tajik/news/2014/11/141118_rm_vienna_iran_nuclear_talks
631,https://www.bbc.com/tajik/news/2014/11/141118_sq_okno
632,https://www.bbc.com/tajik/news/2014/11/141118_kabul_morning_suicide_attack
633,https://www.bbc.com/tajik/news/2014/11/141118_zkh_rln_accident_runaway_driver
634,https://www.bbc.com/tajik/news/2014/11/141118_mm_rln_rahman_ambassadors
635,https://www.bbc.com/tajik/news/2014/11/141118_rm_vienna_talks_kerry
636,https://www.bbc.com/tajik/news/2014/11/141117_rm_japan_recession_economy
637,https://www.bbc.com/tajik/news/2014/11/141117_zkh_violence_women_media
638,https://www.bbc.com/tajik/news/2014/11/141117_mm_rln_rahman_ebrd
639,https://www.bbc.com/tajik/news/2014/11/141117_mm_rln_crime
640,https://www.bbc.com/tajik/news/2014/11/141117_rm_qatar_politics
641,https://www.bbc.com/tajik/news/2014/11/141117_zkh_rln_poisoning_death
642,https://www.bbc.com/tajik/news/2014/11/141117_rm_obama_kerry_confirm_death_kassig_isis
643,https://www.bbc.com/tajik/news/2014/11/141117_mm_rln_parliament_budget
644,https://www.bbc.com/tajik/news/2014/11/141117_zkh_rln_murder_crime_brother
645,https://www.bbc.com/tajik/news/2014/11/141116_l16_ebola-us-surgeon
646,https://www.bbc.com/tajik/news/2014/11/141116_l16_nigeria_bokoharam
647,https://www.bbc.com/tajik/news/2014/11/141116_l16_isis_islamic_state_isis_syria_peter_kassig_hostage
648,https://www.bbc.com/tajik/news/2014/11/141116_l16_kabul_darulaman_blast
649,https://www.bbc.com/tajik/news/2014/11/141115_ea_brisbane_group20_summit
650,https://www.bbc.com/tajik/news/2014/11/141115_ea_icann_iran_domains_judge_rulling
651,https://www.bbc.com/tajik/news/2014/11/141115_iraq_biji_isis
652,https://www.bbc.com/tajik/news/2014/11/141114_rm_britian_bill_antiterrorist
653,https://www.bbc.com/tajik/news/2014/11/141114_sq_islam_terrorism
654,https://www.bbc.com/tajik/news/2014/11/141114_zkh_drug_afghan_increase
655,https://www.bbc.com/tajik/news/2014/11/141114_rm_baghdadi_message_isis
656,https://www.bbc.com/tajik/news/2014/11/141114_rm_oil_prices
657,https://www.bbc.com/tajik/news/2014/11/141114_mm_aslov_yemen
658,https://www.bbc.com/tajik/news/2014/11/141113_l16_arab_spring_winners_losers
659,https://www.bbc.com/tajik/news/2014/11/141113_l16_iran_sanctions_law_us
660,https://www.bbc.com/tajik/news/2014/11/141113_zkh_rln_assignment_tractor_crime
661,https://www.bbc.com/tajik/news/2014/11/141113_mm_karimov_junior
662,https://www.bbc.com/tajik/news/2014/11/141113_rm_azerbaijan_armenia_helicopter_dwoned
663,https://www.bbc.com/tajik/news/2014/11/141113_rm_ukraine_nato_russia
664,https://www.bbc.com/tajik/news/2014/11/141113_mm_rln_japan_aids
665,https://www.bbc.com/tajik/news/2014/11/141112_rm_iran_human_rights
666,https://www.bbc.com/tajik/news/2014/11/141112_sq_money_loundering
667,https://www.bbc.com/tajik/news/2014/11/141112_mm_parliament_law
668,https://www.bbc.com/tajik/news/2014/11/141112_zkh_exhibition_iran
669,https://www.bbc.com/tajik/news/2014/11/141112_rm_most_expensive_watch_graves_supercomplication_auction
670,https://www.bbc.com/tajik/news/2014/11/141112_rm_us_china_climate
671,https://www.bbc.com/tajik/news/2014/11/141111_l16_iran_russia_nuclear_plant_bushehr
672,https://www.bbc.com/tajik/news/2014/11/141111_l16_sterilisations_kill_eight_women_in_india
673,https://www.bbc.com/tajik/news/2014/11/141111_rm_syria_truce
674,https://www.bbc.com/tajik/news/2014/11/141111_rm_banks_terrorism
675,https://www.bbc.com/tajik/news/2014/11/141111_zkh_rln_death_migration
676,https://www.bbc.com/tajik/news/2014/11/141111_mm_military_russia
677,https://www.bbc.com/tajik/news/2014/11/141111_rm_moscow_gas
678,https://www.bbc.com/tajik/news/2014/11/141110_mm_rln_irpt_president
679,https://www.bbc.com/tajik/news/2014/11/141110_sq_rahman_police
680,https://www.bbc.com/tajik/news/2014/11/141110_rm_china_japan
681,https://www.bbc.com/tajik/news/2014/11/141110_rm_blast_in_ningarhar
682,https://www.bbc.com/tajik/news/2014/11/141110_mm_rln_parliament
683,https://www.bbc.com/tajik/news/2014/11/141110_rm_ukraine_us-eu_donetsk_fight
684,https://www.bbc.com/tajik/news/2014/11/141110_mm_tajikistan_russia
685,https://www.bbc.com/tajik/news/2014/11/141109_l16_syria_bombardment_isis
686,https://www.bbc.com/tajik/news/2014/11/141109_l16_berlin_wall_anniversary
687,https://www.bbc.com/tajik/news/2014/11/141109_l16_iran-nuclear-oman
688,https://www.bbc.com/tajik/news/2014/11/141109_l16_ukraine-donetsk-bombardment
689,https://www.bbc.com/tajik/news/2014/11/141109_l16_kabul-hq-blast
690,https://www.bbc.com/tajik/news/2014/11/141108_ea_isis_lion_13_yo_kid
691,https://www.bbc.com/tajik/news/2014/11/141108_ea_mexico_students_dead
692,https://www.bbc.com/tajik/news/2014/11/141107_zkh_crime_court_women
693,https://www.bbc.com/tajik/news/2014/11/141107_sq_china_taj
694,https://www.bbc.com/tajik/news/2014/11/141107_rm_japan-nuclear-sendai
695,https://www.bbc.com/tajik/news/2014/11/141107_rm_obama_khamenei_letter
696,https://www.bbc.com/tajik/news/2014/11/141106_l16_fake_penguins_aid_researchers
697,https://www.bbc.com/tajik/news/2014/11/141106_l16_gaza_ship_israel
698,https://www.bbc.com/tajik/news/2014/11/141106_l16_hongkong_tensions
699,https://www.bbc.com/tajik/news/2014/11/141106_l16_jens_stoltenburg_press_confrence
700,https://www.bbc.com/tajik/news/2014/11/141106_rm_usa-republicans-democrats-cooperation
701,https://www.bbc.com/tajik/news/2014/11/141106_mm_tajpress
702,https://www.bbc.com/tajik/news/2014/11/141106_rm_jens_stoltenburg_afghan_nato_kabul
703,https://www.bbc.com/tajik/news/2014/11/141106_rm_portugal_russia
704,https://www.bbc.com/tajik/news/2014/11/141106_zkh_death_presidential_adviser
705,https://www.bbc.com/tajik/news/2014/11/141106_rm_obama_elex_reax
706,https://www.bbc.com/tajik/news/2014/11/141105_l16_ebola_un
707,https://www.bbc.com/tajik/news/2014/11/141105_sq_rln_qurban_cholov
708,https://www.bbc.com/tajik/news/2014/11/141105_rm_russian_taliban_trial
709,https://www.bbc.com/tajik/news/2014/11/141105_mm_rln_ambassador
710,https://www.bbc.com/tajik/news/2014/11/141105_rm_midterm_us_election2014_republicans_win
711,https://www.bbc.com/tajik/news/2014/11/141105_rm_ukraine_operation
712,https://www.bbc.com/tajik/news/2014/11/141104_l16_saudi_shooting_shiites
713,https://www.bbc.com/tajik/news/2014/11/141104_l16_us_midterm_election_senate
714,https://www.bbc.com/tajik/news/2014/11/141104_mm_undp_russia
715,https://www.bbc.com/tajik/news/2014/11/141104_rm_un_stateless_persons
716,https://www.bbc.com/tajik/news/2014/11/141104_zkh_rln_wanted_rape_crime
717,https://www.bbc.com/tajik/news/2014/11/141104_sq_rln_tethys_petrolium
718,https://www.bbc.com/tajik/news/2014/11/141104_rm_ukraine_poroshenko
719,https://www.bbc.com/tajik/news/2014/11/141104_zkh_rln_freedom_lawer
720,https://www.bbc.com/tajik/news/2014/11/141104_zkh_rln_drug_rusia_court
721,https://www.bbc.com/tajik/news/2014/11/141103_l16_weight_loss_surgery_diabetes
722,https://www.bbc.com/tajik/news/2014/11/141103_l16_libya_bengazi_residents
723,https://www.bbc.com/tajik/news/2014/11/141103_l16_turkey_immigrants_sink
724,https://www.bbc.com/tajik/news/2014/11/141103_rm_uk_eu_merkel_cameron
725,https://www.bbc.com/tajik/news/2014/11/141103_rm_ukraine_rebels_donbas
726,https://www.bbc.com/tajik/news/2014/11/141103_zkh_amnesty_women_prison
727,https://www.bbc.com/tajik/news/2014/11/141102_l16_ukraine-separatists-election
728,https://www.bbc.com/tajik/news/2014/11/141101_ea_iraq_isis_mass_killing
729,https://www.bbc.com/tajik/news/2014/11/141101_ea_bokoharam_girls_marriage
730,https://www.bbc.com/tajik/news/2014/10/141030_l16_tajpress
731,https://www.bbc.com/tajik/news/2014/10/141030_l16_google_cancer
732,https://www.bbc.com/tajik/news/2014/10/141030_l16_nato_russia
733,https://www.bbc.com/tajik/news/2014/10/141030_l16_facebook_internet_bared
734,https://www.bbc.com/tajik/news/2014/10/141030_l16_
735,https://www.bbc.com/tajik/news/2014/10/141029_l16_bangladesh_rahman
736,https://www.bbc.com/tajik/news/2014/10/141029_l16_kobane_fsa_reinforcements
737,https://www.bbc.com/tajik/news/2014/10/141029_sq_world_bank_eco_report
738,https://www.bbc.com/tajik/news/2014/10/141029_zkh_rln_crime_police_fraud
739,https://www.bbc.com/tajik/news/2014/10/141029_rm_rln_zambia_president_died
740,https://www.bbc.com/tajik/news/2014/10/141029_mm_parliament_amnesty_law
741,https://www.bbc.com/tajik/news/2014/10/141029_rm_us_security
742,https://www.bbc.com/tajik/news/2014/10/141028_l16_badakhsahn_attack_killed_15_taliban_members
743,https://www.bbc.com/tajik/news/2014/10/141028_l16_saudi_challenges
744,https://www.bbc.com/tajik/news/2014/10/141028_ea_weforum_gender_gap_tajikistan
745,https://www.bbc.com/tajik/news/2014/10/141028_rm_china_corruption
746,https://www.bbc.com/tajik/news/2014/10/141028_rm_rln_ghani_china_trip
747,https://www.bbc.com/tajik/news/2014/10/141028_sq_rln_iran_ambassador
748,https://www.bbc.com/tajik/news/2014/10/141028_mm_karimov_afghanistan
749,https://www.bbc.com/tajik/news/2014/10/141028_rm_syria_rebels_isis
750,https://www.bbc.com/tajik/news/2014/10/141027_l16_egypt_sisi_decree
751,https://www.bbc.com/tajik/news/2014/10/141027_sq_rln_kyr_border
752,https://www.bbc.com/tajik/news/2014/10/141027_rm_health_science_cancer_stemcell
753,https://www.bbc.com/tajik/news/2014/10/141027_rm_ukraine_election_talks
754,https://www.bbc.com/tajik/news/2014/10/141027_mm_sdpt_election
755,https://www.bbc.com/tajik/news/2014/10/141027_rm_rousef_brazil
756,https://www.bbc.com/tajik/news/2014/10/141027_mm_football
757,https://www.bbc.com/tajik/news/2014/10/141026_l16_kunduz-rape
758,https://www.bbc.com/tajik/news/2014/10/141026_l16_ukraine-election
759,https://www.bbc.com/tajik/news/2014/10/141026_l16_uk_transfer_camp_bastion_to_afg_ansf
760,https://www.bbc.com/tajik/news/2014/10/141025_ea_lebanon_islamists_tripoli_clashes
761,https://www.bbc.com/tajik/news/2014/10/141025_ea_nasrin_sotudeh_arrested
762,https://www.bbc.com/tajik/news/2014/10/141025_ea_jabbari-executed
763,https://www.bbc.com/tajik/news/2014/10/141024_sq_is_threat_central-asia
764,https://www.bbc.com/tajik/news/2014/10/141024_rm_nigeria_bokoharam
765,https://www.bbc.com/tajik/news/2014/10/141024_mm_parliament_budget
766,https://www.bbc.com/tajik/news/2014/10/141024_rm_iran_pakistan
767,https://www.bbc.com/tajik/news/2014/10/141024_rm_shooting-canada
768,https://www.bbc.com/tajik/news/2014/10/141024_rm_ebola-nyc
769,https://www.bbc.com/tajik/news/2014/10/141024_rm_russia-nato
770,https://www.bbc.com/tajik/news/2014/10/141023_l16_pakistan_attack_fazl
771,https://www.bbc.com/tajik/news/2014/10/141023_l16_saudi_arabia_is
772,https://www.bbc.com/tajik/news/2014/10/141023_l16_isis_syria_coalition
773,https://www.bbc.com/tajik/news/2014/10/141023_l16_drones_concern_uk
774,https://www.bbc.com/tajik/news/2014/10/141023_l16_south_korea
775,https://www.bbc.com/tajik/news/2014/10/141023_sq_tajpress
776,https://www.bbc.com/tajik/news/2014/10/141023_rm_obama_talked_with_ahmadzai_abdulllah
777,https://www.bbc.com/tajik/news/2014/10/141023_rm_mexico_missings
778,https://www.bbc.com/tajik/news/2014/10/141023_rm_boeing_iran
779,https://www.bbc.com/tajik/news/2014/10/141023_mm_russia_migration
780,https://www.bbc.com/tajik/news/2014/10/141023_rm_canada_soldier_shooting
781,https://www.bbc.com/tajik/news/2014/10/141022_l16_iran_rouhani_hijab_warning
782,https://www.bbc.com/tajik/news/2014/10/141022_l16_canada_soldier_shooting
783,https://www.bbc.com/tajik/news/2014/10/141022_l16_azerbaijan_politics_critics_detained
784,https://www.bbc.com/tajik/news/2014/10/141022_sq_eurovision
785,https://www.bbc.com/tajik/news/2014/10/141022_rm_iran_acid_women_demo
786,https://www.bbc.com/tajik/news/2014/10/141022_mm_qudratov
787,https://www.bbc.com/tajik/news/2014/10/141022_rm_ebola_serum
788,https://www.bbc.com/tajik/news/2014/10/141022_rm_kobane_airdrops
789,https://www.bbc.com/tajik/news/2014/10/141022_mm_rln_aslov_nato
790,https://www.bbc.com/tajik/news/2014/10/141021_l16_7_billion_usd_missed_in_opium_eradication
791,https://www.bbc.com/tajik/news/2014/10/141021_l16_sweden_russia_submarine
792,https://www.bbc.com/tajik/news/2014/10/141021_l16_pakistan_taliban
793,https://www.bbc.com/tajik/news/2014/10/141021_sq_didaar_2014
794,https://www.bbc.com/tajik/news/2014/10/141021_rm_pistorius_sentenced
795,https://www.bbc.com/tajik/news/2014/10/141021_rm_kobane_fighting
796,https://www.bbc.com/tajik/news/2014/10/141021_mm_eu_tajikistan
797,https://www.bbc.com/tajik/news/2014/10/141020_16_iraq_blast_isis
798,https://www.bbc.com/tajik/news/2014/10/141020_rm_britain_eu_membership
799,https://www.bbc.com/tajik/news/2014/10/141020_sq_l31_turkey_kurds_kobani
800,https://www.bbc.com/tajik/news/2014/10/141020_zkh_rln_court_arrest_migrants
801,https://www.bbc.com/tajik/news/2014/10/141020_mm_rln_parliament
802,https://www.bbc.com/tajik/news/2014/10/141020_ebola_spain_nurse
803,https://www.bbc.com/tajik/news/2014/10/141020_rm_kobane_usairdrops
804,https://www.bbc.com/tajik/news/2014/10/141020_mm_amnesty_law
805,https://www.bbc.com/tajik/news/2014/10/141020_zkh_rln_fightbet_crime_students
806,https://www.bbc.com/tajik/news/2014/10/141019_l16_erdogan_turkey_kobane_kurds_ypg_pyd
807,https://www.bbc.com/tajik/news/2014/10/141019_l16_afghan_nds_killed_al-qada_leader
808,https://www.bbc.com/tajik/news/2014/10/141019_l16_kobane_syria_isis_kurds_fighting
809,https://www.bbc.com/tajik/news/2014/10/141018_ea_kabiri_warning_goverment
810,https://www.bbc.com/tajik/news/2014/10/141018_ea_gorbachev_coldwar_warn
811,https://www.bbc.com/tajik/news/2014/10/141018_ea_hongkong_protests
812,https://www.bbc.com/tajik/news/2014/10/141017_if_tabarov_dushanbe
813,https://www.bbc.com/tajik/news/2014/10/141017_sq_group_24_arrest
814,https://www.bbc.com/tajik/news/2014/10/141017_ea_irantalks_vienna_nuclear
815,https://www.bbc.com/tajik/news/2014/10/141016_l16_nepal_trekkers_rescues_attempt
816,https://www.bbc.com/tajik/news/2014/10/141016_sq_kamil_cinema2
817,https://www.bbc.com/tajik/news/2014/10/141016_l16_afghan_nds_arrest_haqqani_key_men
818,https://www.bbc.com/tajik/news/2014/10/141016_ea_russia_us_putin_obama
819,https://www.bbc.com/tajik/news/2014/10/141016_if_taj_azer
820,https://www.bbc.com/tajik/news/2014/10/141016_zkh_fraud_crime_muattara
821,https://www.bbc.com/tajik/news/2014/10/141015_l16_nuc_vienna_talks
822,https://www.bbc.com/tajik/news/2014/10/141015_l16_saudi_shia_cleric_sentenced_death
823,https://www.bbc.com/tajik/news/2014/10/141015_rm_iran_caspian_sea_russia_military_exercise
824,https://www.bbc.com/tajik/news/2014/10/141015_rm_ebola_texas
825,https://www.bbc.com/tajik/news/2014/10/141015_sq_islam_jihaad_soghd_is
826,https://www.bbc.com/tajik/news/2014/10/141015_zkh_afghan_students
827,https://www.bbc.com/tajik/news/2014/10/141015_zkh_dollar_increasing
828,https://www.bbc.com/tajik/news/2014/10/141015_rm_nuc_vienna_talks
829,https://www.bbc.com/tajik/news/2014/10/141015_if_hukymov
830,https://www.bbc.com/tajik/news/2014/10/141015_rm_hong_kong
831,https://www.bbc.com/tajik/news/2014/10/141014_l16_kobane_hill_khurds_isis
832,https://www.bbc.com/tajik/news/2014/10/141014_sq_rahman_business
833,https://www.bbc.com/tajik/news/2014/10/141014_l16_ukraine_parlament
834,https://www.bbc.com/tajik/news/2014/10/141014_rm_turkey_pkk_air_strike
835,https://www.bbc.com/tajik/news/2014/10/141014_sq_rus_military_tajik_language
836,https://www.bbc.com/tajik/news/2014/10/141014_if_accident
837,https://www.bbc.com/tajik/news/2014/10/141014_zkh_rln_rape_child
838,https://www.bbc.com/tajik/news/2014/10/141014_rm_iran_saudi_reax
839,https://www.bbc.com/tajik/news/2014/10/141014_if_football_tajik
840,https://www.bbc.com/tajik/news/2014/10/141014_rm_northkorea
841,https://www.bbc.com/tajik/news/2014/10/141013_l16-china_xinjiang_attacks
842,https://www.bbc.com/tajik/news/2014/10/141013_l16-iraq_isis_anbar_ramadi_heet_abu_ghraib
843,https://www.bbc.com/tajik/news/2014/10/141013_l16-hong_kong_protests
844,https://www.bbc.com/tajik/news/2014/10/141013_zkh_religion_smuggler_drug
845,https://www.bbc.com/tajik/news/2014/10/141013_zkh_rln_murder_wife_jealousy
846,https://www.bbc.com/tajik/news/2014/10/141013_if_sport
847,https://www.bbc.com/tajik/news/2014/10/141013_if_internet_grupp24
848,https://www.bbc.com/tajik/news/2014/10/141013_rm_turkey_us_coop_isis
849,https://www.bbc.com/tajik/news/2014/10/141013_rm_japan_typhoon
850,https://www.bbc.com/tajik/news/2014/10/141013_zkh_rln_accident_china_3death
851,https://www.bbc.com/tajik/news/2014/10/141012_l16-india-cyclone
852,https://www.bbc.com/tajik/news/2014/10/141012_l16-dallas-healthcare-virus
853,https://www.bbc.com/tajik/news/2014/10/141012_l16-iraq_suicide_bomb_qara_tapah_kurds
854,https://www.bbc.com/tajik/news/2014/10/141012_l16-mohammad_nourizad_arrest
855,https://www.bbc.com/tajik/news/2014/10/141012_l16_police_plane_crash_zahedan_iran
856,https://www.bbc.com/tajik/news/2014/10/141012_l16-gaza-cairo-rebuilding
857,https://www.bbc.com/tajik/news/2014/10/141012_l16-russia-ukraine-putin
858,https://www.bbc.com/tajik/news/2014/10/141011_ea_iraq_anbar_appeal_isis
859,https://www.bbc.com/tajik/news/2014/10/141011_ea_un_global_ebola_deaths
860,https://www.bbc.com/tajik/news/2014/10/141010_sq_rln_rahman_is
861,https://www.bbc.com/tajik/news/2014/10/141010_rm_messi_record_breaking
862,https://www.bbc.com/tajik/news/2014/10/141010_mm_iran_shabistari
863,https://www.bbc.com/tajik/news/2014/10/141010_sq_malala
864,https://www.bbc.com/tajik/news/2014/10/141010_rm_kobane-newattacks
865,https://www.bbc.com/tajik/news/2014/10/141010_if_meeting_vatan_sazandegan
866,https://www.bbc.com/tajik/news/2014/10/141010_rm_who-ebola
867,https://www.bbc.com/tajik/news/2014/10/141009_l16_iran_pickles_germany_heroin
868,https://www.bbc.com/tajik/news/2014/10/141009_l16-ebola-usa
869,https://www.bbc.com/tajik/news/2014/10/141009_l16_literature_nobel_prize
870,https://www.bbc.com/tajik/news/2014/10/141009_zkh_press_review
871,https://www.bbc.com/tajik/news/2014/10/141009_rm_yemen_sanaa_suicide_bomber
872,https://www.bbc.com/tajik/news/2014/10/141009_if_court_grupp24
873,https://www.bbc.com/tajik/news/2014/10/141009_ea_irpt_protest_condemn_vatandar
874,https://www.bbc.com/tajik/news/2014/10/141009_rm_nobel_chemistry
875,https://www.bbc.com/tajik/news/2014/10/141009_rm_kobane_latest
876,https://www.bbc.com/tajik/news/2014/10/141008_l16_kabul_gang_rape_execution
877,https://www.bbc.com/tajik/news/2014/10/141008_rm_kobane_turkey_kurds_unrest
878,https://www.bbc.com/tajik/news/2014/10/141008_zkh_rln_fire_1death
879,https://www.bbc.com/tajik/news/2014/10/141008_rm_isis_kobane
880,https://www.bbc.com/tajik/news/2014/10/141008_mm_labours_putin
881,https://www.bbc.com/tajik/news/2014/10/141008_rm_spain_ebola
882,https://www.bbc.com/tajik/news/2014/10/141008_mm_rln_payment_military
883,https://www.bbc.com/tajik/news/2014/10/141007_l16_quvatov_interview
884,https://www.bbc.com/tajik/news/2014/10/141007_sq_rus_taj_millitary
885,https://www.bbc.com/tajik/news/2014/10/141007_rm_afghan_sigar_lotfa_undp
886,https://www.bbc.com/tajik/news/2014/10/141007_if_group_24_extreamism
887,https://www.bbc.com/tajik/news/2014/10/141007_mm_sdpt_statement
888,https://www.bbc.com/tajik/news/2014/10/141007_zm_seized_drugs
889,https://www.bbc.com/tajik/news/2014/10/141007_rm_kobane_isis_syria_kurds
890,https://www.bbc.com/tajik/news/2014/10/141006_l16_kobane_isis_syria_kurds
891,https://www.bbc.com/tajik/news/2014/10/141006_l16_isis_turkey_prisoner_swap
892,https://www.bbc.com/tajik/news/2014/10/141006_if_internet
893,https://www.bbc.com/tajik/news/2014/10/141006_sq_didaar_festival
894,https://www.bbc.com/tajik/news/2014/10/141006_rm_hongkong
895,https://www.bbc.com/tajik/news/2014/10/141006_rm_kobane_kurdish_suicide_bomber_is
896,https://www.bbc.com/tajik/news/2014/10/141006_mm_rahman_visit_khatlon
897,https://www.bbc.com/tajik/news/2014/10/141005_l16_uk_treasury_iran_sanctions_zanjani_sharif
898,https://www.bbc.com/tajik/news/2014/10/141005_l16_vatican_pope_synod_catholic_church
899,https://www.bbc.com/tajik/news/2014/10/141005_l16_brazil_election_presidential
900,https://www.bbc.com/tajik/news/2014/10/141005_16_british_hostage_freed_libya_david_bolam
901,https://www.bbc.com/tajik/news/2014/10/141005_l16_taliban-pakistan-isis
902,https://www.bbc.com/tajik/news/2014/10/141004_ea_rahman_jami_600_anniversary
903,https://www.bbc.com/tajik/news/2014/10/141004_zm_rahmon_qurban
904,https://www.bbc.com/tajik/news/2014/10/141004_ea_hong-kong_arrests
905,https://www.bbc.com/tajik/news/2014/10/141003_rm_jpmorgan_hackers
906,https://www.bbc.com/tajik/news/2014/10/141003_sq_tajik_uzbek
907,https://www.bbc.com/tajik/news/2014/10/141003_mm_holiday_tajikistan
908,https://www.bbc.com/tajik/news/2014/10/141003_if_agrarian_party
909,https://www.bbc.com/tajik/news/2014/10/141003_nbc_cameraman_ebola
910,https://www.bbc.com/tajik/news/2014/10/141003_rm_zarif_turkey
911,https://www.bbc.com/tajik/news/2014/10/141002_if_elections_party
912,https://www.bbc.com/tajik/news/2014/10/141002_rm_is_afghanistan_campbell
913,https://www.bbc.com/tajik/news/2014/10/141002_if_islam
914,https://www.bbc.com/tajik/news/2014/10/141002_mm_uim_supports_islamic_state
915,https://www.bbc.com/tajik/news/2014/10/141001_l16_iraq_opposes_arab_strikes
916,https://www.bbc.com/tajik/news/2014/10/141001_l16_turkey_syria_iraq
917,https://www.bbc.com/tajik/news/2014/10/141001_l16_hongkong_national_day_protest
918,https://www.bbc.com/tajik/news/2014/10/141001_l16_kabul_blast
919,https://www.bbc.com/tajik/news/2014/10/141001_if_electricity
920,https://www.bbc.com/tajik/news/2014/10/141001_mm_parliament
921,https://www.bbc.com/tajik/news/2014/10/141001_mm_rln_agreement
922,https://www.bbc.com/tajik/news/2014/09/140930_l16_extinction
923,https://www.bbc.com/tajik/news/2014/09/140930_l16_white_house_intruder_obama
924,https://www.bbc.com/tajik/news/2014/09/140930_sq_rln_elections_iprt
925,https://www.bbc.com/tajik/news/2014/09/140930_l16_bsa_singed_between_nato_usa
926,https://www.bbc.com/tajik/news/2014/09/140930_mm_zuhurov_ahmadzai
927,https://www.bbc.com/tajik/news/2014/09/140930_if_school
928,https://www.bbc.com/tajik/news/2014/09/140930_ea_hongkong_protest_china
929,https://www.bbc.com/tajik/news/2014/09/140930_mm_rln_tajik_kyrgyz_cooperation
930,https://www.bbc.com/tajik/news/2014/09/140929_l16_kashgar_verdict
931,https://www.bbc.com/tajik/news/2014/09/140929_l16_lenin_statue
932,https://www.bbc.com/tajik/news/2014/09/140929_sq_crisi_group_central_asia_water
933,https://www.bbc.com/tajik/news/2014/09/140929_l16_china_hongkong_protests
934,https://www.bbc.com/tajik/news/2014/09/140929_rm_rln_paktia_suicide_attack
935,https://www.bbc.com/tajik/news/2014/09/140929_sq_rln_us_aid
936,https://www.bbc.com/tajik/news/2014/09/140929_rm_afg2014_ahmadzai_inauguration_ceremony
937,https://www.bbc.com/tajik/news/2014/09/140929_mm_zuhurov_visit_kabul
938,https://www.bbc.com/tajik/news/2014/09/140928_l16_hongkong_protests
939,https://www.bbc.com/tajik/news/2014/09/140928_l16_japan-volcano
940,https://www.bbc.com/tajik/news/2014/09/140928_l16_syria-nosrat-warning
941,https://www.bbc.com/tajik/news/2014/09/140927_ea_iran_7th_nuclear_talks_nyc_end
942,https://www.bbc.com/tajik/news/2014/09/140927_ea_irpt_parliament_army_conscripts
943,https://www.bbc.com/tajik/news/2014/09/140927_ea_dempsey_is_syria_iraq
944,https://www.bbc.com/tajik/news/2014/09/140926_rm_is_europe_fighter_isis
945,https://www.bbc.com/tajik/news/2014/09/140926_mm_islamic_counsel
946,https://www.bbc.com/tajik/news/2014/09/140926_rm_ghazni_ajrestan_destrict
947,https://www.bbc.com/tajik/news/2014/09/140926_rm_female_pilot_uae_isis
948,https://www.bbc.com/tajik/news/2014/09/140926_rm_isis_killer
949,https://www.bbc.com/tajik/news/2014/09/140925_l16_isis_syria_iraq_france
950,https://www.bbc.com/tajik/news/2014/09/140925_rm_planet_water
951,https://www.bbc.com/tajik/news/2014/09/140925_rm_first_speach_abdullah_after_election
952,https://www.bbc.com/tajik/news/2014/09/140925_rm_obama_un_security_council
953,https://www.bbc.com/tajik/news/2014/09/140924_l16_china_liu_tienan
954,https://www.bbc.com/tajik/news/2014/09/140924_l16_amiraslani_executed
955,https://www.bbc.com/tajik/news/2014/09/140924_l16_afghan_mod_minister_speach
956,https://www.bbc.com/tajik/news/2014/09/140924_l16_is_attack_syria_iraq
957,https://www.bbc.com/tajik/news/2014/09/140924_l16_mangalyaan_mars
958,https://www.bbc.com/tajik/news/2014/09/140924_rm_rouhani_unga_meetings
959,https://www.bbc.com/tajik/news/2014/09/140924_if_islam_salafiya_court
960,https://www.bbc.com/tajik/news/2014/09/140924_rm_ebola_who
961,https://www.bbc.com/tajik/news/2014/09/140924_mm_migrants
962,https://www.bbc.com/tajik/news/2014/09/140924_rm_obama_isis
963,https://www.bbc.com/tajik/news/2014/09/140923_l16_tohti_verdict
964,https://www.bbc.com/tajik/news/2014/09/140923_l16_israel_syria_plane
965,https://www.bbc.com/tajik/news/2014/09/140923_sq_rln_labor_employment
966,https://www.bbc.com/tajik/news/2014/09/140923_rm_karzai_goodbye_ceremony
967,https://www.bbc.com/tajik/news/2014/09/140923_mm_prosecutor_gulnara
968,https://www.bbc.com/tajik/news/2014/09/140923_rouhani_cameron_face-to-face_talk
969,https://www.bbc.com/tajik/news/2014/09/140923_rm_us_airstrike_syria_first_isis
970,https://www.bbc.com/tajik/news/2014/09/140923_mm_rln_aid_russia
971,https://www.bbc.com/tajik/news/2014/09/140922_l16_zs_ashraf_ghani_ahmadzai
972,https://www.bbc.com/tajik/news/2014/09/140922_l16_isis_speech_us_coalition
973,https://www.bbc.com/tajik/news/2014/09/140922_l16_xinjiang_blast
974,https://www.bbc.com/tajik/news/2014/09/140922_sq_rln_uranium
975,https://www.bbc.com/tajik/news/2014/09/140922_rm_turkey_kobani
976,https://www.bbc.com/tajik/news/2014/09/140922_sq_rln_finland_tajik_geology
977,https://www.bbc.com/tajik/news/2014/09/140922_if_hajj
978,https://www.bbc.com/tajik/news/2014/09/140922_if_taj_kyrg
979,https://www.bbc.com/tajik/news/2014/09/140922_rm_iran_china_drill
980,https://www.bbc.com/tajik/institutional/2014/09/140922_rm_us_afghan_pact_afg_2014
981,https://www.bbc.com/tajik/news/2014/09/140922_rm_russians_ukraine
982,https://www.bbc.com/tajik/news/2014/09/140922_mm_football
983,https://www.bbc.com/tajik/news/2014/09/140921_l16_moscow_antiwar_rally_ukraine
984,https://www.bbc.com/tajik/news/2014/09/140921_l16_afghan_election_result_anounced
985,https://www.bbc.com/tajik/news/2014/09/140921_l16_ukraine_truce
986,https://www.bbc.com/tajik/news/2014/09/140921_l16_egypt_bomb_blast
987,https://www.bbc.com/tajik/news/2014/09/140921_l16_afghan_agreement_reaction
988,https://www.bbc.com/tajik/news/2014/09/140921_l16_afghan_unity_government_agreed
989,https://www.bbc.com/tajik/news/2014/09/140920_ea_fire_qorghantappeh_students
990,https://www.bbc.com/tajik/news/2014/09/140920_ea_afghanistan_elec_agreement
991,https://www.bbc.com/tajik/news/2014/09/140919_zm_photoalbum_chinese_exhibition
992,https://www.bbc.com/tajik/news/2014/09/140919_if_party
993,https://www.bbc.com/tajik/news/2014/09/140919_if_imruz_court
994,https://www.bbc.com/tajik/news/2014/09/140919_rm_af2014_un_special_envoy_fears_of_confilcts
995,https://www.bbc.com/tajik/news/2014/09/140919_rm_rln_florida_shooting_children
996,https://www.bbc.com/tajik/news/2014/09/140919_rm_scot_referandum_update
997,https://www.bbc.com/tajik/news/2014/09/140919_mm_tajik_prisoner_death
998,https://www.bbc.com/tajik/news/2014/09/140919_rm_scot_referandum_results
999,https://www.bbc.com/tajik/news/2014/09/140918_l16_isis_briton_hostage_video
1000,https://www.bbc.com/tajik/news/2014/09/140918_zm_experts_british_museum_tajik
1001,https://www.bbc.com/tajik/news/2014/09/140918_l16_bbc_team_attacked
1002,https://www.bbc.com/tajik/news/2014/09/140918_rm_australia_isis_arrest
1003,https://www.bbc.com/tajik/news/2014/09/140918_mm_tajik_russia_murder
1004,https://www.bbc.com/tajik/news/2014/09/140918_rm_scotland_referendum
1005,https://www.bbc.com/tajik/news/2014/09/140918_mm_tajpress
1006,https://www.bbc.com/tajik/news/2014/09/140918_if_border
1007,https://www.bbc.com/tajik/news/2014/09/140918_if_counterfeit_money
1008,https://www.bbc.com/tajik/news/2014/09/140918_rm_nyc_ashton_zarif_nuclear_talks_iran
1009,https://www.bbc.com/tajik/news/2014/09/140917_l16_ukraine_pm
1010,https://www.bbc.com/tajik/news/2014/09/140917_l16_scotland_final_campaigning_day
1011,https://www.bbc.com/tajik/news/2014/09/140917_l16_uighur_trial
1012,https://www.bbc.com/tajik/news/2014/09/140917_if_aids
1013,https://www.bbc.com/tajik/news/2014/09/140917_sq_rln_eu_ca_justice
1014,https://www.bbc.com/tajik/news/2014/09/140917_rm_afghan_parliament_called_security_ministers
1015,https://www.bbc.com/tajik/news/2014/09/140917_rm_yahoo_iran
1016,https://www.bbc.com/tajik/news/2014/09/140917_mm_tajik_child_assistance
1017,https://www.bbc.com/tajik/news/2014/09/140917_rm_obama_ebola
1018,https://www.bbc.com/tajik/news/2014/09/140916_l16_vid_sami_music
1019,https://www.bbc.com/tajik/news/2014/09/140916_l16_ukraine_eu_agreement
1020,https://www.bbc.com/tajik/news/2014/09/140916_l16_at_us_is_attack
1021,https://www.bbc.com/tajik/news/2014/09/140916_mm_children_violence
1022,https://www.bbc.com/tajik/news/2014/09/140916_sq_rln_rus_taj
1023,https://www.bbc.com/tajik/news/2014/09/140916_if_china_taj.shtml
1024,https://www.bbc.com/tajik/news/2014/09/140916_if_death_doctor.shtml
1025,https://www.bbc.com/tajik/news/2014/09/140916_if_migrants_money.shtml
1026,https://www.bbc.com/tajik/news/2014/09/140916_rm_iraq_iran_paris_is.shtml
1027,https://www.bbc.com/tajik/news/2014/09/140916_rm_kabul_blast.shtml
1028,https://www.bbc.com/tajik/news/2014/09/140915_l16_az_do_soyeh_amou_15_sep.shtml
1029,https://www.bbc.com/tajik/news/2014/09/140915_sq_sadiqov_freedom.shtml
1030,https://www.bbc.com/tajik/news/2014/09/140915_rm_ukraine_military_help.shtml
1031,https://www.bbc.com/tajik/news/2014/09/140915_if_terrorism.shtml
1032,https://www.bbc.com/tajik/news/2014/09/140915_if_megafon_tajik.shtml
1033,https://www.bbc.com/tajik/news/2014/09/140915_rm_sweden_election.shtml
1034,https://www.bbc.com/tajik/news/2014/09/140915_rm_kerry_isis_arab_states.shtml
1035,https://www.bbc.com/tajik/news/2014/09/140915_mm_rln_terrorism.shtml
1036,https://www.bbc.com/tajik/news/2014/09/140915_mm_football.shtml
1037,https://www.bbc.com/tajik/news/2014/09/140914_l16_vid_blind.shtml
1038,https://www.bbc.com/tajik/news/2014/09/140914_l16_responsive_design.shtml
1039,https://www.bbc.com/tajik/news/2014/09/140914_l16_pakistan_ttp_punjabi_talinban_arms_stop.shtml
1040,https://www.bbc.com/tajik/news/2014/09/140914_l16_australia_isis_middle_east.shtml
1041,https://www.bbc.com/tajik/news/2014/09/140914_l16_sweden-elections.shtml
1042,https://www.bbc.com/tajik/news/2014/09/140914_l16_isis_david_haines_beheading_reax.shtml
1043,https://www.bbc.com/tajik/news/2014/09/140913_ea_tajik_china_rahman_jinping.shtml
1044,https://www.bbc.com/tajik/news/2014/09/140913_ea_vid_sco_tajik.shtml
1045,https://www.bbc.com/tajik/news/2014/09/140913_ea_at_shanghai_co_doucet.shtml
1046,https://www.bbc.com/tajik/news/2014/09/140913_ea_iran_us_isis_iraq_syria.shtml
1047,https://www.bbc.com/tajik/news/2014/09/140912_sq_rln_karzay_rouhani.shtml
1048,https://www.bbc.com/tajik/news/2014/09/140912_af2014_unama_jeffrey_feltman_visit_kabul.shtml
1049,https://www.bbc.com/tajik/news/2014/09/140912_rm_us_is_cia.shtml
1050,https://www.bbc.com/tajik/news/2014/09/140912_sq_presidents_sco.shtml
1051,https://www.bbc.com/tajik/news/2014/09/140912_mm_sco_summit.shtml
1052,https://www.bbc.com/tajik/news/2014/09/140911_l16_iran_tajik_scholar_radio.shtml
1053,https://www.bbc.com/tajik/news/2014/09/140911_l16_sz_vid_rouhani_rahman_tajik.shtml
1054,https://www.bbc.com/tajik/news/2014/09/140911_l16_russia_poland_gas.shtml
1055,https://www.bbc.com/tajik/news/2014/09/140911_if_sco_karimov.shtml
1056,https://www.bbc.com/tajik/news/2014/09/140911_ea_ozone_repair.shtml
1057,https://www.bbc.com/tajik/news/2014/09/140911_ea_obama_isis.shtml
1058,https://www.bbc.com/tajik/news/2014/09/140910_l16_sco_intro.shtml
1059,https://www.bbc.com/tajik/news/2014/09/140910_l16_america_islamic_state.shtml
1060,https://www.bbc.com/tajik/news/2014/09/140910_l16_scotland_indpendence.shtml
1061,https://www.bbc.com/tajik/news/2014/09/140910_l16_az_do_suye_amu.shtml
1062,https://www.bbc.com/tajik/news/2014/09/140910_rm_palestinian_west_bank_shot_israel.shtml
1063,https://www.bbc.com/tajik/news/2014/09/140910_sq_rln_sco_council.shtml
1064,https://www.bbc.com/tajik/news/2014/09/140910_ea_mm_iran_tajikistan_agreements.shtml
1065,https://www.bbc.com/tajik/news/2014/09/140910_if_asia_exspress_avia.shtml
1066,https://www.bbc.com/tajik/news/2014/09/140910_sq_china_taj_security.shtml
1067,https://www.bbc.com/tajik/news/2014/09/140910_ea_mm_rouhani_tajikistan_visit.shtml
1068,https://www.bbc.com/tajik/news/2014/09/140910_rm_rouhani_kazakhstan.shtml
1069,https://www.bbc.com/tajik/news/2014/09/140909_l16_greenhouse_gases_rise_carbon_dioxide_atmosphere.shtml
1070,https://www.bbc.com/tajik/news/2014/09/140909_l16_rouhani_tajikistan_radio.shtml
1071,https://www.bbc.com/persian/afghanistan/2014/09/140908_l42_vid_af_elex
1072,https://www.bbc.com/tajik/news/2014/09/140909_rm_afghans-is-iraq.shtml
1073,https://www.bbc.com/tajik/news/2014/09/140909_rm_iraq_newgov.shtml
1074,https://www.bbc.com/tajik/news/2014/09/140909_rm_meteorite_nicargua.shtml
1075,https://www.bbc.com/tajik/news/2014/09/140908_l16_ukraine_prisoners_released.shtml
1076,https://www.bbc.com/tajik/news/2014/09/140908_l16_somalia_rape.shtml
1077,https://www.bbc.com/tajik/news/2014/09/140908_l16_ukraine_russia_sanctions.shtml
1078,https://www.bbc.com/tajik/news/2014/09/140908_sq_hnit_islam.shtml
1079,https://www.bbc.com/tajik/news/2014/09/140908_mm_statement_media.shtml
1080,https://www.bbc.com/tajik/news/2014/09/140908_rm_af2014_abdullah_ashrafghani_talks_left_no_result.shtml
1081,https://www.bbc.com/tajik/news/2014/09/140908_mm_ruhaani_visit.shtml
1082,https://www.bbc.com/tajik/news/2014/09/140908_rm_khamenei_health.shtml
1083,https://www.bbc.com/tajik/news/2014/09/140908_if_independence.shtml
1084,https://www.bbc.com/tajik/news/2014/09/140907_l16_iran_is_isis_us_sunni_obama_remarks.shtml
1085,https://www.bbc.com/tajik/news/2014/09/140907_l16_abbas_hamas_conflict.shtml
1086,https://www.bbc.com/tajik/news/2014/09/140907_l16_paghman-gang-rape-trail.shtml
1087,https://www.bbc.com/tajik/news/2014/09/140907_l16_ukraine-ceasefire.shtml
1088,https://www.bbc.com/tajik/news/2014/09/140907_l16_iraq-haditha-dam.shtml
1089,https://www.bbc.com/tajik/news/2014/09/140906_sq_taj_islam_syria.shtml
1090,https://www.bbc.com/tajik/news/2014/09/140906_ea_ukraine_russia_eu_us_sanctions.shtml
1091,https://www.bbc.com/tajik/news/2014/09/140906_ea_ebola_sierra_leone.shtml
1092,https://www.bbc.com/tajik/news/2014/09/140905_rm_rape.shtml
1093,https://www.bbc.com/tajik/news/2014/09/140905_mm_spt_gafarov_nazriev.shtml
1094,https://www.bbc.com/tajik/news/2014/09/140905_rm_russia_ukraine_sanctions_nato.shtml
1095,https://www.bbc.com/tajik/news/2014/09/140905_zm_taj_bel_football.shtml
1096,https://www.bbc.com/tajik/news/2014/09/140904_l16_af_airforce.shtml
1097,https://www.bbc.com/tajik/news/2014/09/140904_l16_artist_photo_hacked.shtml
1098,https://www.bbc.com/tajik/news/2014/09/140904_l16_afghan_flag_bearer_asylum.shtml
1099,https://www.bbc.com/tajik/institutional/2014/09/140904_rm_nato_ukrain_russia.shtml
1100,https://www.bbc.com/tajik/news/2014/09/140904_sq_taj_press.shtml
1101,https://www.bbc.com/tajik/news/2014/09/140904_if_islam_party.shtml
1102,https://www.bbc.com/tajik/news/2014/09/140904_rm_us_iran_talks_nuc.shtml
1103,https://www.bbc.com/tajik/news/2014/09/140904_rm_alqaeda_indian_subcont.shtml
1104,https://www.bbc.com/tajik/news/2014/09/140904_mm_rln_imu_detention.shtml
1105,https://www.bbc.com/tajik/news/2014/09/140904_rm_france_russia_warship_ukraine.shtml
1106,https://www.bbc.com/tajik/news/2014/09/140903_l16_obama_islamic_state.shtml
1107,https://www.bbc.com/tajik/news/2014/09/140903_l16_ukraine_ceas.shtml
1108,https://www.bbc.com/tajik/news/2014/09/140903_l16_at_russia.shtml
1109,https://www.bbc.com/tajik/news/2014/09/140903_if_education.shtml
1110,https://www.bbc.com/tajik/news/2014/09/140903_rm_obama_baltic_states_russia.shtml
1111,https://www.bbc.com/tajik/news/2014/09/140903_mm_new_terminal.shtml
1112,https://www.bbc.com/tajik/news/2014/09/140903_rm_af_election_us_secretary_assistant_kabul.shtml
1113,https://www.bbc.com/tajik/news/2014/09/140903_mm_rln_drugs.shtml
1114,https://www.bbc.com/tajik/news/2014/09/140902_zm_died_davron_alimatov.shtml
1115,https://www.bbc.com/tajik/news/2014/09/140902_l16_syria_golan_peacekeepers_nusra_front.shtml
1116,https://www.bbc.com/tajik/news/2014/09/140902_l16_egyptian_police_killed_in_sinai_bomb_attack.shtml
1117,https://www.bbc.com/tajik/news/2014/09/140902_l16_tajik_dr_in_ghour_province.shtml
1118,https://www.bbc.com/tajik/news/2014/09/140902_if_china_visit.shtml
1119,https://www.bbc.com/tajik/news/2014/09/140902_rm_ukraine_setbacks_rebels.shtml
1120,https://www.bbc.com/tajik/news/2014/09/140902_mm_drugs.shtml
1121,https://www.bbc.com/tajik/news/2014/09/140901_l16_syria_golan_hights_clashes.shtml
1122,https://www.bbc.com/tajik/news/2014/09/140901_l16_turkey_arrest.shtml
1123,https://www.bbc.com/tajik/news/2014/09/140901_l16_court_rahimi_ejei.shtml
1124,https://www.bbc.com/tajik/news/2014/09/140901_l16_pakistan_protests.shtml
1125,https://www.bbc.com/tajik/news/2014/09/140901_l16_az_du-suye_amu_0109_radio.shtml
1126,https://www.bbc.com/tajik/news/2014/09/140901_rm_7th_round_zarif_ashton_talks_iran_nuc.shtml
1127,https://www.bbc.com/tajik/news/2014/09/140901_if_rahmon_knowledge.shtml
1128,https://www.bbc.com/tajik/news/2014/09/140901_mm_tajik_uzbek_relation.shtml
1129,https://www.bbc.com/tajik/news/2014/08/140831_l16_vid_diabetes.shtml
1130,https://www.bbc.com/tajik/news/2014/08/140831_l16_russian_ukraine_putin.shtml
1131,https://www.bbc.com/tajik/news/2014/08/140831_l16_amerli_iraq_isis_siege.shtml
1132,https://www.bbc.com/tajik/news/2014/08/140831_l16_pakistan-police-unrest.shtml
1133,https://www.bbc.com/tajik/news/2014/08/140831_l16_ukraine-sevenday-eu.shtml
1134,https://www.bbc.com/tajik/news/2014/08/140830_ea_iran_sanctions_nuclear_us.shtml
1135,https://www.bbc.com/tajik/news/2014/08/140830_zm_silk_road_rangorang_album.shtml
1136,https://www.bbc.com/tajik/news/2014/08/140830_ea_yazidi_boy_iraq_syria_aziz.shtml
1137,https://www.bbc.com/tajik/news/2014/08/140830_ea_peacekeeper_syria_golan_nusr.shtml
1138,https://www.bbc.com/tajik/news/2014/08/140830_ea_ukraine_russia_nato.shtml
1139,https://www.bbc.com/tajik/news/2014/08/140829_zm_poet_simin_behbahani.shtml
1140,https://www.bbc.com/tajik/news/2014/08/140829_rm_ukraine_corridor.shtml
1141,https://www.bbc.com/tajik/news/2014/08/140829_zkh_rln_heroin_smugglers_russia.shtml
1142,https://www.bbc.com/tajik/news/2014/08/140829_rm_syria-unhcr-refugees.shtml
1143,https://www.bbc.com/tajik/news/2014/08/140829_rm_pitt_jolie_married.shtml
1144,https://www.bbc.com/tajik/news/2014/08/140829_rm_obama-ukraine.shtml
1145,https://www.bbc.com/tajik/news/2014/08/140828_l16_golan_nusra_syria_un_peacekeeper.shtml
1146,https://www.bbc.com/tajik/news/2014/08/140828_l16_turkey_erdogan_inaguaration_davutoglu.shtml
1147,https://www.bbc.com/tajik/news/2014/08/140828_rm_zanjani_pourmohamadi.shtml
1148,https://www.bbc.com/tajik/news/2014/08/140828_if_umedteshaev_court.shtml
1149,https://www.bbc.com/tajik/news/2014/08/140828_rm_ukraine_fighting.shtml
1150,https://www.bbc.com/tajik/news/2014/08/140827_l16_russia_swiss_sanctions.shtml
1151,https://www.bbc.com/tajik/news/2014/08/140827_l16_un_syria_report_isis.shtml
1152,https://www.bbc.com/tajik/news/2014/08/140827_ea_sz_rouhani_tajikistan_visit_sco.shtml
1153,https://www.bbc.com/tajik/news/2014/08/140827_rm_air_rage_knee_defender.shtml
1154,https://www.bbc.com/tajik/news/2014/08/140827_zkh_protocol_roads_kyrgyz_border.shtml
1155,https://www.bbc.com/tajik/news/2014/08/140827_rm_us_citizen_is_isis_syria_douglas_mccain.shtml
1156,https://www.bbc.com/tajik/news/2014/08/140827_zkh_islamic_party_statement.shtml
1157,https://www.bbc.com/tajik/news/2014/08/140826_16_pishmargeh.shtml
1158,https://www.bbc.com/tajik/news/2014/08/140826_l16_gaza_israel_cease-fire.shtml
1159,https://www.bbc.com/tajik/news/2014/08/140826_l16_iran_kurds_weapon_kurdistan_iraq_isis.shtml
1160,https://www.bbc.com/tajik/news/2014/08/140826_rm_ukraine_russia.shtml
1161,https://www.bbc.com/tajik/news/2014/08/140826_rm_afghan_election_abdullah_to_boycatt_invalidation_process.shtml
1162,https://www.bbc.com/tajik/news/2014/08/140826_zkh_kyrgyz_border_incident.shtml
1163,https://www.bbc.com/tajik/news/2014/08/140826_rm_ukraine_parliament.shtml
1164,https://www.bbc.com/tajik/news/2014/08/140825_l16_russia_ukraine.shtml
1165,https://www.bbc.com/tajik/news/2014/08/140825_l16_az_do_suye_amu_25_august_radio.shtml
1166,https://www.bbc.com/tajik/news/2014/08/140825_l16_drone_irgc_sepah_israel_hermes.shtml
1167,https://www.bbc.com/tajik/news/2014/08/140825_l16_af2014_afghan_election_effeted_economy.shtml
1168,https://www.bbc.com/tajik/news/2014/08/140825_if_nazriev.shtml
1169,https://www.bbc.com/tajik/news/2014/08/140825_rm_isis_peter_theo_curtis_released.shtml
1170,https://www.bbc.com/tajik/news/2014/08/140825_zkh_rln_drug_smuggler_crime.shtml
1171,https://www.bbc.com/tajik/news/2014/08/140825_rm_syria_isis_raqqa_tabqa.shtml
1172,https://www.bbc.com/tajik/news/2014/08/140825_rm_sz_behbahani_tajik_video.shtml
1173,https://www.bbc.com/tajik/news/2014/08/140825_zkh_maneuvers_sco_china.shtml
1174,https://www.bbc.com/tajik/news/2014/08/140825_rm_donetsk_ukraine.shtml
1175,https://www.bbc.com/tajik/news/2014/08/140825_zkh_rln_crime_rape.shtml
1176,https://www.bbc.com/tajik/news/2014/08/140824_l16_drone_iran_irgc_sepah_israel_natanz.shtml
1177,https://www.bbc.com/tajik/news/2014/08/140824_l16_japan_landslide.shtml
1178,https://www.bbc.com/tajik/news/2014/08/140824_l16_iraq_beiji.shtml
1179,https://www.bbc.com/tajik/news/2014/08/140824_l16_iran-military-crusemissiles-drones.shtml
1180,https://www.bbc.com/tajik/news/2014/08/140824_l16_gaza-palestine.shtml
1181,https://www.bbc.com/tajik/news/2014/08/140823_ea_hamas_icc_gaza_israel.shtml
1182,https://www.bbc.com/tajik/news/2014/08/140823_zm_buri_karim.shtml
1183,https://www.bbc.com/tajik/news/2014/08/140823_ea_uk_anti_extrimist_laws.shtml
1184,https://www.bbc.com/tajik/news/2014/08/140822_shakira_broke_copyright.shtml
1185,https://www.bbc.com/tajik/news/2014/08/140822_rm_isis_iraq_us_foley.shtml
1186,https://www.bbc.com/tajik/news/2014/08/140821_l16_pakistan_politics_talks.shtml
1187,https://www.bbc.com/tajik/news/2014/08/140821_l16_us_hostage_islamic_state.shtml
1188,https://www.bbc.com/tajik/news/2014/08/140821_l16_russia_macdonald.shtml
1189,https://www.bbc.com/tajik/news/2014/08/140821_l16_thailand_new_premier.shtml
1190,https://www.bbc.com/tajik/news/2014/08/140821_rm_rohani_larijani.shtml
1191,https://www.bbc.com/tajik/news/2014/08/140821_rm_iran_science_golestanian_holweck_.shtml
1192,https://www.bbc.com/tajik/news/2014/08/140821_if_tajpress.shtml
1193,https://www.bbc.com/tajik/news/2014/08/140821_rm_rln_iran_khozestan_storm.shtml
1194,https://www.bbc.com/tajik/news/2014/08/140821_zkh_rln_murder_3tajik_russia_migration.shtml
1195,https://www.bbc.com/tajik/news/2014/08/140821_rm_us_syria_hostage_iraq_isis.shtml
1196,https://www.bbc.com/tajik/news/2014/08/140821_rm_netanyahu_vows_campaign_cont_gaza.shtml
1197,https://www.bbc.com/tajik/news/2014/08/140821_zkh_rln_accountant_crime.shtml
1198,https://www.bbc.com/tajik/news/2014/08/140820_l16_pakistan_politics_army.shtml
1199,https://www.bbc.com/tajik/news/2014/08/140820_l16_is_video.shtml
1200,https://www.bbc.com/tajik/news/2014/08/140820_l16_kabul_newyourk_times.shtml
1201,https://www.bbc.com/tajik/news/2014/08/140820_zkh_rln_court_russia_drug.shtml
1202,https://www.bbc.com/tajik/news/2014/08/140820_rm_afghan_nouristan_district_callapsed_to_taliban.shtml
1203,https://www.bbc.com/tajik/news/2014/08/140820_rm_rln_iran_science_minister.shtml
1204,https://www.bbc.com/tajik/news/2014/08/140820_if_zairov_rahmon.shtml
1205,https://www.bbc.com/tajik/news/2014/08/140820_zkh_ministry_interior_china_taj.shtml
1206,https://www.bbc.com/tajik/news/2014/08/140820_rm_isis_journalist_killing_video.shtml
1207,https://www.bbc.com/persian/interactivity/2014/08/140820_fb_simin_tajik_radio#TWEET1214224
1208,https://www.bbc.com/tajik/news/2014/08/140819_l16_ukraine_street_battle.shtml
1209,https://www.bbc.com/tajik/news/2014/08/140819_az_2_soye_amou_18_august.shtml
1210,https://www.bbc.com/tajik/news/2014/08/140819_l16_israel_gaza.shtml
1211,https://www.bbc.com/tajik/news/2014/08/140819_l16_ferguson_riots_us.shtml
1212,https://www.bbc.com/tajik/news/2014/08/140819_rm_jackie_chan_son_aycee_in_drug_arrest.shtml
1213,https://www.bbc.com/tajik/news/2014/08/140819_if_court_panterra.shtml
1214,https://www.bbc.com/tajik/news/2014/08/140819_rm_ceasefire_gaza.shtml
1215,https://www.bbc.com/tajik/news/2014/08/140819_rm_simin_behbahani.shtml
1216,https://www.bbc.com/tajik/news/2014/08/140818_l16_saudi_prince_armed_robbery_paris.shtml
1217,https://www.bbc.com/tajik/news/2014/08/140818_l16_vid_rafah_crossing.shtml
1218,https://www.bbc.com/tajik/news/2014/08/140818_l16_iran_zarif_un_sanctions_nuclear_deal.shtml
1219,https://www.bbc.com/tajik/news/2014/08/140818_l16_iraq_dam_uk.shtml
1220,https://www.bbc.com/tajik/news/2014/08/140818_l16_libya_unknown_planes.shtml
1221,https://www.bbc.com/tajik/news/2014/08/140818_l16_ukraine_refugee_convoy_hit_by_rockets.shtml
1222,https://www.bbc.com/tajik/news/2014/08/140818_rm_assange_wikileaks.shtml
1223,https://www.bbc.com/tajik/news/2014/08/140818_zkh_rln_court_murder_russia.shtml
1224,https://www.bbc.com/tajik/news/2014/08/140818_if_dushanbe.shtml
1225,https://www.bbc.com/tajik/news/2014/08/140818_rm_ukraine_germany_talks.shtml
1226,https://www.bbc.com/tajik/news/2014/08/140818_rm_iran_earthquake.shtml
1227,https://www.bbc.com/tajik/news/2014/08/140818_zkh_extremist_groups_arrest.shtml
1228,https://www.bbc.com/tajik/news/2014/08/140817_l16_gaza_israel_hamas_egypt.shtml
1229,https://www.bbc.com/tajik/news/2014/08/140817_l16_amano_rowhani_missile_program.shtml
1230,https://www.bbc.com/tajik/news/2014/08/140817_l16_david_cameron_uk_isis_iraq_iran.shtml
1231,https://www.bbc.com/tajik/news/2014/08/140817_l16_deminin_kidnapped_in_ghazni_afghanistan.shtml
1232,https://www.bbc.com/tajik/news/2014/08/140816_mm_afghan_police_killed.shtml
1233,https://www.bbc.com/tajik/news/2014/08/140816_mm_yazidi_massacre.shtml
1234,https://www.bbc.com/tajik/news/2014/08/140815_rm_pakistan_opposition_clashes.shtml
1235,https://www.bbc.com/tajik/news/2014/08/140815_zkh_rln_murder_russia_court.shtml
1236,https://www.bbc.com/tajik/news/2014/08/140815_if_money_laundering.shtml
1237,https://www.bbc.com/tajik/news/2014/08/140815_zkh_drug_woman_smuggler.shtml
1238,https://www.bbc.com/tajik/news/2014/08/140815_rm_ebola_who_underestimated.shtml
1239,https://www.bbc.com/tajik/news/2014/08/140815_mm_rln_rahman_hisar.shtml
1240,https://www.bbc.com/tajik/news/2014/08/140815_zkh_carbon_poisoning_health.shtml

